name,kind,weights,macro_auc,micro_auc,top1_hit,top5_hit,scored_classes,min,max,mean,std
v114_prob_v116_0.15,prob_pair,v114:0.85;v116:0.15,0.9815129776391494,0.9150199095140288,0.1917808219178082,0.4794520547945205,22,0.013461866199999999,0.9991421699999999,0.5210639200166933,0.2358368908880567
v114_prob_v116_0.10,prob_pair,v114:0.90;v116:0.10,0.9814516218951156,0.9159053009692362,0.1917808219178082,0.4520547945205479,22,0.012689382800000001,0.99925018,0.5210811682646546,0.23758103294773103
v110_prob_v116_0.15,prob_pair,v110:0.85;v116:0.15,0.9813992464995634,0.9143525579298569,0.1917808219178082,0.4794520547945205,22,0.013461866199999999,0.999145315,0.5210779969907123,0.2361489298399006
v110_prob_v116_0.10,prob_pair,v110:0.90;v116:0.10,0.9813378907555298,0.9151570617706379,0.1917808219178082,0.4657534246575342,22,0.012689382800000001,0.9992535100000001,0.5210960732959686,0.23792939223461634
v114_logit_v116_0.15,logit_pair,v114:0.85;v116:0.15,0.9812330735023188,0.9191030656635989,0.2054794520547945,0.4657534246575342,22,0.01270736006066736,0.9993193739450691,0.5217004512836391,0.2390887226596454
v110_logit_v116_0.15,logit_pair,v110:0.85;v116:0.15,0.9812330735023188,0.9183613849202245,0.2054794520547945,0.4520547945205479,22,0.01270736006066736,0.9993233855062168,0.5217364904358486,0.23944476517619864
v114_logit_v116_0.10,logit_pair,v114:0.90;v116:0.10,0.9811995934531189,0.9185811507005293,0.2054794520547945,0.4794520547945205,22,0.0121637106952369,0.9993723267111465,0.521525146664197,0.23986201567687362
v114_logit_v116_0.08,logit_pair,v114:0.92;v116:0.08,0.9811310782781092,0.9181730306886229,0.1917808219178082,0.4794520547945205,22,0.01195274051795111,0.9993923364747915,0.5214491284575076,0.24022003725135718
v110_logit_v116_0.10,logit_pair,v110:0.90;v116:0.10,0.9811237726933949,0.9177798685570513,0.2054794520547945,0.4657534246575342,22,0.0121637106952369,0.9993762433142654,0.5215547800114636,0.24024362082397369
v110_logit_v116_0.08,logit_pair,v110:0.92;v116:0.08,0.9810421045162218,0.9173563304223381,0.1917808219178082,0.4794520547945205,22,0.01195274051795111,0.9993962122884664,0.5214761565854031,0.2406111286576329
v114_prob_v119_0.15,prob_pair,v114:0.85;v119:0.15,0.9810338912732273,0.921240661824072,0.1917808219178082,0.4794520547945205,22,0.01839485875,0.999440841,0.5210135816512501,0.23470783695932396
v114_prob_v113_0.00_v119_0.15,prob_three,v114:0.85;v113:0.00;v119:0.15,0.9810338912732273,0.921240661824072,0.1917808219178082,0.4794520547945205,22,0.01839485875,0.999440841,0.5210135816512501,0.23470783695932396
v114_prob_v113_0.02_v119_0.15,prob_three,v114:0.83;v113:0.02;v119:0.15,0.9810338912732273,0.9213186729230494,0.2054794520547945,0.4794520547945205,22,0.01839485875,0.999440417,0.521011703155648,0.23467952432318956
v114_prob_v113_0.05_v119_0.15,prob_three,v114:0.80;v113:0.05;v119:0.15,0.9810338912732273,0.9214206166305625,0.2054794520547945,0.4794520547945205,22,0.01839485875,0.999439781,0.5210088854122453,0.2346419549561914
v114_prob_v113_0.08_v119_0.15,prob_three,v114:0.77;v113:0.08;v119:0.15,0.9809959808933653,0.9215242862473452,0.2054794520547945,0.4657534246575342,22,0.01839485875,0.9994391450000001,0.5210060676688425,0.23461026757180264
v114_prob_v113_0.10_v119_0.15,prob_three,v114:0.75;v113:0.10;v119:0.15,0.9809959808933653,0.9215804358289099,0.2054794520547945,0.4657534246575342,22,0.01839485875,0.999438721,0.5210041891732408,0.23459241161224384
v114_prob_v113_0.15_v119_0.15,prob_three,v114:0.70;v113:0.15;v119:0.15,0.9809959808933653,0.9217140212063623,0.2054794520547945,0.4657534246575342,22,0.01839485875,0.9994376609999999,0.5209994929342362,0.23455921728058315
v110_prob_v119_0.15,prob_pair,v110:0.85;v119:0.15,0.9809201601336413,0.9205838958167526,0.1917808219178082,0.4794520547945205,22,0.01839485875,0.9994439860000001,0.5210276586252689,0.23500335427630015
v114_prob_v119_0.20,prob_pair,v114:0.80;v119:0.20,0.9808300284796274,0.9221619521920831,0.1917808219178082,0.4657534246575342,22,0.018149617,0.999432388,0.520979553948141,0.233006071404559
v114_prob_v113_0.00_v119_0.20,prob_three,v114:0.80;v113:0.00;v119:0.20,0.9808300284796274,0.9221619521920831,0.1917808219178082,0.4657534246575342,22,0.018149617,0.999432388,0.520979553948141,0.233006071404559
v114_prob_v113_0.02_v119_0.20,prob_three,v114:0.78;v113:0.02;v119:0.20,0.9808300284796274,0.922244105473307,0.1917808219178082,0.4657534246575342,22,0.018149617,0.999431964,0.5209776754525391,0.23298040195299885
v114_prob_v113_0.05_v119_0.20,prob_three,v114:0.75;v113:0.05;v119:0.20,0.9808300284796274,0.9223453588171124,0.2054794520547945,0.4657534246575342,22,0.018149617,0.999431328,0.5209748577091364,0.23294683416570935
v114_prob_v113_0.08_v119_0.20,prob_three,v114:0.72;v113:0.08;v119:0.20,0.9807921180997653,0.9224313090987291,0.2054794520547945,0.4657534246575342,22,0.018149617,0.9994306920000001,0.5209720399657336,0.23291919228955085
v114_prob_v113_0.10_v119_0.20,prob_three,v114:0.70;v113:0.10;v119:0.20,0.9807921180997653,0.92249275146872,0.2054794520547945,0.4657534246575342,22,0.018149617,0.999430268,0.5209701614701319,0.2329040576055146
v114_prob_v113_0.15_v119_0.20,prob_three,v114:0.65;v113:0.15;v119:0.20,0.9807921180997653,0.9226160964511738,0.2054794520547945,0.4657534246575342,22,0.018149617,0.9994292079999999,0.5209654652311271,0.23287775079480125
v110_prob_v119_0.20,prob_pair,v110:0.80;v119:0.20,0.9807162973400413,0.9215782496771687,0.1917808219178082,0.4794520547945205,22,0.018149617,0.9994353480000001,0.5209928028648646,0.2332620545536237
v114_logit_v116_0.05,logit_pair,v114:0.95;v116:0.05,0.980696584732711,0.9174377933398542,0.2191780821917808,0.5068493150684932,22,0.011643045583361156,0.9994211621337125,0.5213293090878119,0.24080801156179546
v114_prob_v116_0.08,prob_pair,v114:0.92;v116:0.08,0.980692449529254,0.9160437188926428,0.1917808219178082,0.4520547945205479,22,0.01238038944,0.999293384,0.5210880675638391,0.2383591384117383
v110_logit_v116_0.05,logit_pair,v110:0.95;v116:0.05,0.9806076109708236,0.9165923279190793,0.2054794520547945,0.5068493150684932,22,0.011643045583361156,0.9994249741929954,0.5213524090093075,0.24121250414887827
v114_prob_v119_0.10,prob_pair,v114:0.90;v119:0.10,0.9806050603911021,0.9198626958633752,0.1780821917808219,0.4657534246575342,22,0.0180468431,0.9994492939999999,0.5210476093543589,0.2367670850500369
v114_prob_v113_0.00_v119_0.10,prob_three,v114:0.90;v113:0.00;v119:0.10,0.9806050603911021,0.9198626958633752,0.1780821917808219,0.4657534246575342,22,0.0180468431,0.9994492939999999,0.5210476093543589,0.2367670850500369
v114_prob_v113_0.02_v119_0.10,prob_three,v114:0.88;v113:0.02;v119:0.10,0.9806050603911021,0.919945079265835,0.1917808219178082,0.4657534246575342,22,0.0180468431,0.9994488699999999,0.5210457308587572,0.23673621394532107
v114_prob_v113_0.05_v119_0.10,prob_three,v114:0.85;v113:0.05;v119:0.10,0.9806050603911021,0.920050359731269,0.1917808219178082,0.4657534246575342,22,0.018046843099999998,0.9994482339999999,0.5210429131153543,0.23669476318188554
v110_prob_v116_0.08,prob_pair,v110:0.92;v116:0.08,0.9805787183896679,0.9152815573592714,0.1917808219178082,0.4520547945205479,22,0.01238038944,0.9992967880000001,0.5211033038180712,0.23872238592240397
v114_prob_v117_0.10,prob_pair,v114:0.90;v117:0.10,0.9805759084797067,0.9077593543994751,0.1232876712328767,0.410958904109589,22,0.012678932600000001,0.99924832,0.5210825434203472,0.23770015135736913
v114_logit_v117_0.08,logit_pair,v114:0.92;v117:0.08,0.9805747703357813,0.9143064186220548,0.1780821917808219,0.4520547945205479,22,0.011948919812494723,0.999392001196907,0.521504547438763,0.2402967022724358
v114_prob_v113_0.08_v119_0.10,prob_three,v114:0.82;v113:0.08;v119:0.10,0.98056715001124,0.9201580564696802,0.1917808219178082,0.4657534246575342,22,0.0180468431,0.9994475980000002,0.5210400953719516,0.23665914218055806
v114_prob_v113_0.10_v119_0.10,prob_three,v114:0.80;v113:0.10;v119:0.10,0.98056715001124,0.9202181181122556,0.1917808219178082,0.4657534246575342,22,0.0180468431,0.9994471739999999,0.5210382168763498,0.23663863492086973
v114_prob_v113_0.15_v119_0.10,prob_three,v114:0.75;v113:0.15;v119:0.10,0.98056715001124,0.9203602179754371,0.1917808219178082,0.4657534246575342,22,0.0180468431,0.9994461139999999,0.5210335206373451,0.23659871179180744
v114_prob_v116_0.20,prob_pair,v114:0.80;v116:0.20,0.9805147265261032,0.9136674870105191,0.1643835616438356,0.4794520547945205,22,0.014234349600000001,0.99903416,0.5210466717687322,0.23438506991886043
v110_prob_v119_0.10,prob_pair,v110:0.90;v119:0.10,0.9804913292515159,0.919131830818089,0.1780821917808219,0.4657534246575342,22,0.0180468431,0.9994526240000001,0.5210625143856731,0.23710403221440166
v110_prob_v117_0.10,prob_pair,v110:0.90;v117:0.10,0.9804621773401206,0.9069594529834125,0.1232876712328767,0.410958904109589,22,0.012678932600000001,0.99925165,0.5210974484516614,0.23805152469220425
v110_logit_v117_0.08,logit_pair,v110:0.92;v117:0.08,0.9804610391961952,0.9135065172059922,0.1780821917808219,0.4383561643835616,22,0.011948919812494723,0.9993958791477666,0.521527928197591,0.24068076996286938
v114_logit_v117_0.10,logit_pair,v114:0.90;v117:0.10,0.980437687859688,0.9136839406788876,0.1917808219178082,0.4520547945205479,22,0.012158851746544557,0.9993718937921661,0.5215945865671971,0.23995498695603906
v110_prob_v116_0.20,prob_pair,v110:0.80;v116:0.20,0.9804009953865173,0.9130815983438635,0.1643835616438356,0.4794520547945205,22,0.014234349600000001,0.9990371200000001,0.5210599206854559,0.23466219767305382
v114_prob_v119_0.08,prob_pair,v114:0.92;v119:0.08,0.9803860082617394,0.9191908569151028,0.1780821917808219,0.4794520547945205,22,0.017619941280000002,0.9994526751999999,0.5210612204356027,0.2376888523516872
v114_prob_v113_0.00_v119_0.08,prob_three,v114:0.92;v113:0.00;v119:0.08,0.9803860082617394,0.9191908569151028,0.1780821917808219,0.4794520547945205,22,0.017619941280000002,0.9994526751999999,0.5210612204356027,0.2376888523516872
v114_prob_v113_0.02_v119_0.08,prob_three,v114:0.90;v113:0.02;v119:0.08,0.9803860082617394,0.9192687529534622,0.1917808219178082,0.4794520547945205,22,0.017619941280000002,0.9994522511999999,0.5210593419400007,0.23765698342735772
v114_prob_v113_0.05_v119_0.08,prob_three,v114:0.87;v113:0.05;v119:0.08,0.9803860082617394,0.9193773701768171,0.1917808219178082,0.4794520547945205,22,0.01761994128,0.9994516152,0.521056524196598,0.23761401665419302
v114_prob_v113_0.08_v119_0.08,prob_three,v114:0.84;v113:0.08;v119:0.08,0.9803480978818775,0.9194766674901171,0.1917808219178082,0.4794520547945205,22,0.017619941280000002,0.9994509792,0.5210537064531952,0.2375768565846251
v114_prob_v113_0.10_v119_0.08,prob_three,v114:0.82;v113:0.10;v119:0.08,0.9803480978818775,0.9195417917998829,0.1917808219178082,0.4794520547945205,22,0.017619941280000002,0.9994505552,0.5210518279575933,0.23755531051454606
v114_prob_v113_0.15_v119_0.08,prob_three,v114:0.77;v113:0.15;v119:0.08,0.9803480978818775,0.9196895296333444,0.1917808219178082,0.4794520547945205,22,0.01761994128,0.9994494951999999,0.5210471317185886,0.23751274589299828
v110_logit_v117_0.10,logit_pair,v110:0.90;v117:0.10,0.9803239567201019,0.9128919784454643,0.1917808219178082,0.4383561643835616,22,0.012158851746544557,0.9993758130949584,0.5216196798960833,0.2403283039182662
v114_logit_v116_0.20,logit_pair,v114:0.80;v116:0.20,0.9802731952236022,0.9189424410409258,0.1917808219178082,0.4657534246575342,22,0.013274980962906496,0.9992619571931625,0.5218527773041006,0.23849338134161904
v110_logit_v116_0.20,logit_pair,v110:0.80;v116:0.20,0.9802731952236022,0.9182878611853476,0.1917808219178082,0.4657534246575342,22,0.013274980962906496,0.9992660517606072,0.5218949510826322,0.23882151642380606
v110_prob_v119_0.08,prob_pair,v110:0.92;v119:0.08,0.9802722771221535,0.9184156935319019,0.1780821917808219,0.4794520547945205,22,0.017619941280000002,0.9994560792,0.5210764566898348,0.23804285278353787
v114_logit_v116_0.03,logit_pair,v114:0.97;v116:0.03,0.9802547569412052,0.9168076063352837,0.2191780821917808,0.4931506849315068,22,0.011441001350161135,0.9994396159329131,0.5212458276691508,0.24123329527009393
v114_logit_v117_0.05,logit_pair,v114:0.95;v117:0.05,0.9801819895183995,0.9150812368234018,0.1780821917808219,0.4657534246575342,22,0.011640718647155643,0.9994209625402427,0.5213637423653961,0.2408580652959695
v114_prob_v119_0.05,prob_pair,v114:0.95;v119:0.05,0.9801681485274044,0.9180216109153866,0.1917808219178082,0.4794520547945205,22,0.01673037035,0.9994577469999999,0.5210816370574679,0.23917458228308228
v114_prob_v113_0.00_v119_0.05,prob_three,v114:0.95;v113:0.00;v119:0.05,0.9801681485274044,0.9180216109153866,0.1917808219178082,0.4794520547945205,22,0.01673037035,0.9994577469999999,0.5210816370574679,0.23917458228308228
v114_prob_v113_0.02_v119_0.05,prob_three,v114:0.93;v113:0.02;v119:0.05,0.9801681485274044,0.9180970906807688,0.1917808219178082,0.4794520547945205,22,0.01673037035,0.9994573229999999,0.5210797585618661,0.23914124542621207
v114_prob_v113_0.05_v119_0.05,prob_three,v114:0.90;v113:0.05;v119:0.05,0.9801681485274044,0.918213532026145,0.1917808219178082,0.4794520547945205,22,0.01673037035,0.9994566869999999,0.5210769408184633,0.23909604602339843
v110_logit_v116_0.03,logit_pair,v110:0.97;v116:0.03,0.9801657831793178,0.915937863124119,0.2054794520547945,0.4931506849315068,22,0.011441001350161135,0.999443383963587,0.5212663062445222,0.24164616600001498
v114_prob_v113_0.08_v119_0.05,prob_three,v114:0.87;v113:0.08;v119:0.05,0.9801302381475423,0.9183230697344436,0.1917808219178082,0.4794520547945205,22,0.01673037035,0.999456051,0.5210741230750606,0.23905661655639446
v114_prob_v113_0.10_v119_0.05,prob_three,v114:0.85;v113:0.10;v119:0.05,0.9801302381475423,0.9183842819831987,0.1917808219178082,0.4794520547945205,22,0.01673037035,0.9994556269999999,0.5210722445794587,0.23903353719218054
v114_prob_v113_0.15_v119_0.05,prob_three,v114:0.80;v113:0.15;v119:0.05,0.9801302381475423,0.9185371975444684,0.1917808219178082,0.4794520547945205,22,0.01673037035,0.9994545669999999,0.521067548340454,0.23898706836570544
v110_logit_v117_0.05,logit_pair,v110:0.95;v117:0.05,0.9800930157565119,0.9142427901003225,0.1917808219178082,0.4520547945205479,22,0.011640718647155643,0.9994247759132342,0.5213845512040229,0.2412578146119095
v114_prob_v116_0.05,prob_pair,v114:0.95;v116:0.05,0.9800929735796398,0.9161002136560615,0.1917808219178082,0.4520547945205479,22,0.0119168994,0.9993581899999999,0.5210984165126157,0.23961111272052085
v110_prob_v119_0.05,prob_pair,v110:0.95;v119:0.05,0.9800791747655169,0.9172068666796072,0.1780821917808219,0.4794520547945205,22,0.01673037035,0.999461262,0.5210973701460773,0.23955463428668006
v110_prob_v116_0.05,prob_pair,v110:0.95;v116:0.05,0.9800039998177521,0.915276724813317,0.1917808219178082,0.4520547945205479,22,0.0119168994,0.999361705,0.5211141496012252,0.23999704767050417
v114_prob_v117_0.08,prob_pair,v114:0.92;v117:0.08,0.9800030057280918,0.9096485346857712,0.1232876712328767,0.410958904109589,22,0.01237202928,0.999291896,0.5210891676883932,0.23845775818035247
v114_logit_v116_0.02,logit_pair,v114:0.98;v116:0.02,0.9799387597791952,0.9164601232690425,0.2191780821917808,0.4931506849315068,22,0.011341282724283286,0.9994486211478566,0.521203075251402,0.24145574450788282
v114_logit_v117_0.03,logit_pair,v114:0.97;v117:0.03,0.9799233844910723,0.9154251530104863,0.2054794520547945,0.4931506849315068,22,0.01143962908169639,0.9994395000005962,0.5212663775929299,0.2412641860756786
v110_prob_v117_0.08,prob_pair,v110:0.92;v117:0.08,0.9798892745885059,0.9088257362067345,0.1232876712328767,0.410958904109589,22,0.01237202928,0.9992953000000001,0.5211044039426254,0.2388234546335236
v114_logit_v117_0.02,logit_pair,v114:0.98;v117:0.02,0.9798794646850588,0.9155619600852415,0.2191780821917808,0.4931506849315068,22,0.01134037574295033,0.9994485451035805,0.5212167333499778,0.24147662611567636
v110_logit_v117_0.03,logit_pair,v110:0.97;v117:0.03,0.9798723211090468,0.9145592067997144,0.2054794520547945,0.4931506849315068,22,0.01143962908169639,0.9994432688103667,0.5212854782117768,0.24167407721116585
v114_prob_v117_0.05,prob_pair,v114:0.95;v117:0.05,0.9798579024634997,0.9122457980149973,0.1232876712328767,0.4383561643835616,22,0.0119116743,0.9993572599999999,0.521099104090462,0.23967581984074407
v110_logit_v116_0.02,logit_pair,v110:0.98;v116:0.02,0.9798497860173075,0.9155840517238899,0.2054794520547945,0.4931506849315068,22,0.011341282724283286,0.9994523667522485,0.5212222451566669,0.24187263851808996
v110_logit_v117_0.02,logit_pair,v110:0.98;v117:0.02,0.9798284013030333,0.9146786397211575,0.2054794520547945,0.4931506849315068,22,0.01134037574295033,0.9994522912242703,0.5212349837996901,0.2418914909742918
v114_prob_v116_0.03,prob_pair,v114:0.97;v116:0.03,0.9798220600720711,0.9160266899211846,0.1917808219178082,0.4931506849315068,22,0.011607906040000001,0.9994013939999999,0.5211053158118003,0.24050161951845014
v110_prob_v117_0.05,prob_pair,v110:0.95;v117:0.05,0.9798068390814741,0.9113973410181553,0.1232876712328767,0.4383561643835616,22,0.0119116743,0.999360775,0.5211148371790714,0.24006331940556327
v114_logit_v119_0.10,logit_pair,v114:0.90;v119:0.10,0.9798004222971882,0.9198885845024163,0.1917808219178082,0.4657534246575342,22,0.0151771245632309,0.9994513081984228,0.521582660737478,0.23954844566435868
v110_prob_v116_0.03,prob_pair,v110:0.97;v116:0.03,0.9797330863101835,0.9151734003783883,0.1917808219178082,0.4794520547945205,22,0.011607906040000001,0.999404983,0.5211213801233276,0.2409029019597684
v110_logit_v119_0.10,logit_pair,v110:0.90;v119:0.10,0.9796866911576021,0.9191107747250022,0.1917808219178082,0.4657534246575342,22,0.0151771245632309,0.9994547322357972,0.5216095352352592,0.2399189870997448
v114_logit_v119_0.08,logit_pair,v114:0.92;v119:0.08,0.9796775036295992,0.9191662339428592,0.1917808219178082,0.4657534246575342,22,0.014269481351652681,0.9994543194112837,0.5214958435522022,0.23994958628219673
v114_logit_v117_0.15,logit_pair,v114:0.85;v117:0.15,0.9796739533476199,0.9114141398683776,0.1643835616438356,0.4246575342465753,22,0.012699750824742333,0.9993186696987328,0.5218046187179137,0.2392172365503571
v114_prob_v116_0.02,prob_pair,v114:0.98;v116:0.02,0.9796626181561255,0.9159458023067583,0.1917808219178082,0.4931506849315068,22,0.011453409360000001,0.999422996,0.5211087654613925,0.24096344664182226
v114_logit_v116_0.01,logit_pair,v114:0.99;v116:0.01,0.9796426632772722,0.9161117197178575,0.2328767123287671,0.5068493150684932,22,0.011242423351696956,0.9994574817300718,0.5211596796761393,0.241684645811598
v114_logit_v119_0.05,logit_pair,v114:0.95;v119:0.05,0.9796271187212251,0.9180226464609482,0.2328767123287671,0.4931506849315068,22,0.013007438682138552,0.9994588052903978,0.521359036531104,0.24062067240785984
v114_logit_v119_0.02,logit_pair,v114:0.98;v119:0.02,0.9795948571386238,0.9167046270822089,0.2328767123287671,0.4931506849315068,22,0.011855672985159493,0.9994632543122279,0.5212151172276255,0.24137356727977685
v114_prob_v117_0.03,prob_pair,v114:0.97;v117:0.03,0.9795859617518103,0.9137402053210704,0.1917808219178082,0.4383561643835616,22,0.011604770980000002,0.9994008359999998,0.521105728358508,0.24054165205876654
v114_prob_v117_0.02,prob_pair,v114:0.98;v117:0.02,0.9795767165942428,0.9144484034246182,0.1780821917808219,0.4383561643835616,22,0.01145131932,0.999422624,0.521109040492531,0.2409905337274399
v110_prob_v116_0.02,prob_pair,v110:0.98;v116:0.02,0.9795736443942379,0.915074793428796,0.1780821917808219,0.4794520547945205,22,0.011453409360000001,0.999426622,0.5211249953843788,0.24137246596968512
v114_logit_v117_0.01,logit_pair,v114:0.99;v117:0.01,0.9795671003094398,0.9156433079421397,0.2191780821917808,0.4931506849315068,22,0.011241973760170363,0.9994574443199018,0.5211664862058776,0.24169523115545588
v110_logit_v119_0.08,logit_pair,v110:0.92;v119:0.08,0.9795637724900131,0.9183603493746628,0.2054794520547945,0.4657534246575342,22,0.014269481351652681,0.999457800098431,0.5215205950529049,0.24033150179436802
v114_prob_v117_0.15,prob_pair,v114:0.85;v117:0.15,0.9795622143452615,0.9024918793092359,0.1232876712328767,0.3972602739726027,22,0.0134461909,0.9991393799999999,0.5210659827502324,0.23599966840794764
v114_logit_v119_0.15,logit_pair,v114:0.85;v119:0.15,0.9795587698798539,0.9212861107681666,0.1780821917808219,0.4794520547945205,22,0.017702230507230597,0.9994437073081234,0.5217825361042472,0.23870973391974792
v114_logit_v119_0.03,logit_pair,v114:0.97;v119:0.03,0.9795480298312081,0.917172463554837,0.2328767123287671,0.4931506849315068,22,0.012227938918290295,0.9994617753814805,0.5212638251348176,0.24111363143984718
v114_prob_v119_0.03,prob_pair,v114:0.97;v119:0.03,0.9795480298312081,0.9171618779779845,0.2054794520547945,0.4794520547945205,22,0.01600735541,0.9994611281999999,0.5210952481387116,0.24023279656439314
v114_prob_v113_0.00_v119_0.03,prob_three,v114:0.97;v113:0.00;v119:0.03,0.9795480298312081,0.9171618779779845,0.2054794520547945,0.4794520547945205,22,0.01600735541,0.9994611281999999,0.5210952481387116,0.24023279656439314
v114_prob_v113_0.02_v119_0.03,prob_three,v114:0.95;v113:0.02;v119:0.03,0.9795480298312081,0.9172438011379725,0.2054794520547945,0.4794520547945205,22,0.01600735541,0.9994607041999999,0.5210933696431096,0.2401985008452755
v114_prob_v113_0.05_v119_0.03,prob_three,v114:0.92;v113:0.05;v119:0.03,0.9795480298312081,0.9173517279976197,0.2054794520547945,0.4794520547945205,22,0.01600735541,0.9994600681999999,0.5210905518997069,0.24015184151391547
v114_prob_v113_0.08_v119_0.03,prob_three,v114:0.89;v113:0.08;v119:0.03,0.9795480298312081,0.9174567783418177,0.2054794520547945,0.4794520547945205,22,0.01600735541,0.9994594322,0.5210877341563042,0.24011092622385263
v110_logit_v119_0.05,logit_pair,v110:0.95;v119:0.05,0.9795381449593378,0.9171747647671962,0.2191780821917808,0.4931506849315068,22,0.013007438682138552,0.9994623695760646,0.5213806501822962,0.24101914100958852
v110_prob_v117_0.03,prob_pair,v110:0.97;v117:0.03,0.9795348983697848,0.9128693115037261,0.1917808219178082,0.4383561643835616,22,0.011604770980000002,0.9994044249999999,0.5211217926700356,0.24094388635208333
v110_logit_v116_0.01,logit_pair,v110:0.99;v116:0.01,0.9795289321376862,0.9152084938668663,0.2054794520547945,0.5068493150684932,22,0.011242423351696956,0.9994612046528958,0.5211775434659784,0.24210545367967176
v110_logit_v117_0.15,logit_pair,v110:0.85;v117:0.15,0.9795223118281718,0.9106854609748327,0.1643835616438356,0.4246575342465753,22,0.012699750824742333,0.9993226854078449,0.5218339392340603,0.23956274600835514
v114_prob_v116_0.01,prob_pair,v114:0.99;v116:0.01,0.9795156274305957,0.9158427079930656,0.2054794520547945,0.4931506849315068,22,0.01129891268,0.999444598,0.5211122151109847,0.24143623887977317
v114_prob_v113_0.10_v119_0.03,prob_three,v114:0.87;v113:0.10;v119:0.03,0.9795101194513461,0.9175288062886611,0.2054794520547945,0.4794520547945205,22,0.01600735541,0.9994590082,0.5210858556607022,0.24008684196504138
v114_prob_v113_0.15_v119_0.03,prob_three,v114:0.82;v113:0.15;v119:0.03,0.9795101194513461,0.9176771194252124,0.2054794520547945,0.4794520547945205,22,0.01600735541,0.9994579481999999,0.5210811594216976,0.24003781087948423
v110_logit_v119_0.02,logit_pair,v110:0.98;v119:0.02,0.9795058833767363,0.9158165892327884,0.2054794520547945,0.4931506849315068,22,0.011855672985159493,0.9994669005642249,0.5212336684368584,0.24178794528306383
v110_prob_v117_0.02,prob_pair,v110:0.98;v117:0.02,0.9794877428323553,0.913562781848175,0.1780821917808219,0.4383561643835616,22,0.01145131932,0.9994262500000001,0.5211252704155174,0.24140019187938278
v110_prob_v117_0.15,prob_pair,v110:0.85;v117:0.15,0.9794863935855375,0.9017581377485008,0.1232876712328767,0.3972602739726027,22,0.0134461909,0.999142525,0.5210800597242513,0.23631604245501436
v110_logit_v119_0.03,logit_pair,v110:0.97;v119:0.03,0.9794590560693208,0.9163043311923237,0.2191780821917808,0.4931506849315068,22,0.012227938918290295,0.9994653944913987,0.5212833875318096,0.2415227796822201
v110_prob_v119_0.03,prob_pair,v110:0.97;v119:0.03,0.9794590560693208,0.9163075528896266,0.1917808219178082,0.4794520547945205,22,0.01600735541,0.9994647172,0.521111312450239,0.24063051039943914
v114_prob_v117_0.01,prob_pair,v114:0.99;v117:0.01,0.9794536573292271,0.9151139140389026,0.1917808219178082,0.4931506849315068,22,0.01129786766,0.999444412,0.5211123526265539,0.24144998042055515
v110_logit_v117_0.01,logit_pair,v110:0.99;v117:0.01,0.9794533691698539,0.9147433037884514,0.2054794520547945,0.4931506849315068,22,0.011241973760170363,0.9994611674993071,0.521183889961103,0.24211500370799446
v110_logit_v119_0.15,logit_pair,v110:0.85;v119:0.15,0.979445038740268,0.9205606535719245,0.1780821917808219,0.4794520547945205,22,0.017702230507230597,0.9994469864628786,0.521814772222547,0.2390507742993189
v114_prob_v119_0.02,prob_pair,v114:0.98;v119:0.02,0.9794219811009583,0.9167089993856914,0.2054794520547945,0.4794520547945205,22,0.015018578680000002,0.9994628188,0.5211020536793333,0.24078195754132814
v114_prob_v113_0.00_v119_0.02,prob_three,v114:0.98;v113:0.00;v119:0.02,0.9794219811009583,0.9167089993856914,0.2054794520547945,0.4794520547945205,22,0.015018578680000002,0.9994628188,0.5211020536793333,0.24078195754132814
v114_prob_v113_0.02_v119_0.02,prob_three,v114:0.96;v113:0.02;v119:0.02,0.9794219811009583,0.9167944894248361,0.2054794520547945,0.4794520547945205,22,0.015018578679999998,0.9994623947999999,0.5211001751837314,0.24074718844740542
v114_prob_v113_0.05_v119_0.02,prob_three,v114:0.93;v113:0.05;v119:0.02,0.9794219811009583,0.9168994247084162,0.2054794520547945,0.4794520547945205,22,0.015018578680000002,0.9994617588,0.5210973574403287,0.24069980790733783
v114_prob_v113_0.08_v119_0.02,prob_three,v114:0.90;v113:0.08;v119:0.02,0.9794219811009583,0.9170087322954789,0.2054794520547945,0.4794520547945205,22,0.015018578680000002,0.9994611228,0.521094539696926,0.24065815806507126
v110_prob_v116_0.01,prob_pair,v110:0.99;v116:0.01,0.9794018962910098,0.9149478815671854,0.1917808219178082,0.4931506849315068,22,0.01129891268,0.999448261,0.5211286106454301,0.24185303559601776
v114_prob_v113_0.08_v119_0.01,prob_three,v114:0.91;v113:0.08;v119:0.01,0.9793854881157682,0.9165128210320684,0.2054794520547945,0.5068493150684932,22,0.013081497340000001,0.9994628134,0.5211013452375478,0.24121865386208916
v114_prob_v119_0.01,prob_pair,v114:0.99;v119:0.01,0.9793854881157682,0.9162096363037421,0.2054794520547945,0.4931506849315068,22,0.013081497340000001,0.9994645094,0.5211088592199551,0.24134436680040394
v114_prob_v113_0.00_v119_0.01,prob_three,v114:0.99;v113:0.00;v119:0.01,0.9793854881157682,0.9162096363037421,0.2054794520547945,0.4931506849315068,22,0.013081497340000001,0.9994645094,0.5211088592199551,0.24134436680040394
v114_prob_v113_0.02_v119_0.01,prob_three,v114:0.97;v113:0.02;v119:0.01,0.9793854881157682,0.9162882227058092,0.2054794520547945,0.4931506849315068,22,0.013081497340000001,0.9994640853999999,0.5211069807243532,0.24130912842019137
v114_prob_v113_0.05_v119_0.01,prob_three,v114:0.94;v113:0.05;v119:0.01,0.9793854881157682,0.9164010971720287,0.2054794520547945,0.4931506849315068,22,0.01308149734,0.9994634494,0.5211041629809504,0.24126103259188594
v114_prob_v113_0.15_v119_0.02,prob_three,v114:0.83;v113:0.15;v119:0.02,0.9793840707210965,0.9172214793780882,0.2054794520547945,0.4931506849315068,22,0.015018578680000002,0.9994596387999999,0.5210879649623193,0.24058327709871916
v114_prob_v113_0.10_v119_0.02,prob_three,v114:0.88;v113:0.10;v119:0.02,0.9793840707210965,0.9170766180600757,0.2054794520547945,0.4794520547945205,22,0.015018578680000002,0.9994606988,0.521092661201324,0.24063357671088018
v114_logit_v119_0.01,logit_pair,v114:0.99;v119:0.01,0.9793813832731146,0.9162134333041347,0.2328767123287671,0.5068493150684932,22,0.01149460838868604,0.9994647291813534,0.5211657192451943,0.2416423641164761
v110_prob_v117_0.01,prob_pair,v110:0.99;v117:0.01,0.9793646835673399,0.9142142550670682,0.1917808219178082,0.4794520547945205,22,0.01129786766,0.999448075,0.5211287481609994,0.2418670986420477
v110_prob_v119_0.02,prob_pair,v110:0.98;v119:0.02,0.9793330073390709,0.9158344236285724,0.1917808219178082,0.4794520547945205,22,0.015018578680000002,0.9994664448,0.5211182836023197,0.24118858535844986
v114_prob_v113_0.10_v119_0.01,prob_three,v114:0.89;v113:0.10;v119:0.01,0.9793228203582077,0.9165804766754293,0.2054794520547945,0.5068493150684932,22,0.013081497340000001,0.9994623894,0.5210994667419458,0.24119357904630154
v114_prob_v113_0.15_v119_0.01,prob_three,v114:0.84;v113:0.15;v119:0.01,0.9793228203582077,0.9167308609031039,0.2054794520547945,0.5068493150684932,22,0.01308149734,0.9994613293999999,0.5210947705029413,0.24114201949032502
v110_prob_v119_0.01,prob_pair,v110:0.99;v119:0.01,0.9792965143538808,0.915320908090614,0.2054794520547945,0.4931506849315068,22,0.013081497340000001,0.9994681724,0.5211252547544006,0.2417599617081231
v110_logit_v119_0.01,logit_pair,v110:0.99;v119:0.01,0.9792924095112273,0.9153161906052776,0.2191780821917808,0.5068493150684932,22,0.01149460838868604,0.9994684023964494,0.5211832698178845,0.2420618973977735
v114,single,v114,0.9792010172886223,0.9157240229656392,0.2328767123287671,0.5205479452054794,22,0.011144416,0.9994662,0.521115664760577,0.24191993194383768
v114_prob_v113_0.01,prob_pair,v114:0.99;v113:0.01,0.9792010172886223,0.9157606122421506,0.2328767123287671,0.5205479452054794,22,0.011144416,0.999465988,0.5211147255127759,0.2419017635840845
v114_logit_v113_0.01,logit_pair,v114:0.99;v113:0.01,0.9792010172886223,0.9157859255781019,0.2328767123287671,0.5205479452054794,22,0.011144415999999997,0.9994659920589117,0.521121675005663,0.24191201059136633
v114_prob_v113_0.02,prob_pair,v114:0.98;v113:0.02,0.9792010172886223,0.9157989274279315,0.2328767123287671,0.5205479452054794,22,0.011144416,0.999465776,0.5211137862649751,0.241884228400827
v114_logit_v113_0.02,logit_pair,v114:0.98;v113:0.02,0.9792010172886223,0.9158519703728114,0.2328767123287671,0.5205479452054794,22,0.011144415999999997,0.9994657840368635,0.5211275536048608,0.24190464029778808
v114_prob_v113_0.03,prob_pair,v114:0.97;v113:0.03,0.9792010172886223,0.9158371275530944,0.2328767123287671,0.5205479452054794,22,0.011144416,0.9994655639999999,0.5211128470171742,0.24186732653177942
v114_logit_v113_0.03,logit_pair,v114:0.97;v113:0.03,0.9792010172886223,0.9159103061061175,0.2328767123287671,0.5205479452054794,22,0.011144415999999997,0.999465575933824,0.5211332972562143,0.24189782296960052
v114_prob_v113_0.05,prob_pair,v114:0.95;v113:0.05,0.9792010172886223,0.9159184754099926,0.2328767123287671,0.5205479452054794,22,0.011144416,0.99946514,0.5211109685215722,0.24183542326248633
v114_logit_v113_0.05,logit_pair,v114:0.95;v113:0.05,0.9792010172886223,0.9160318101186838,0.2328767123287671,0.5205479452054794,22,0.011144415999999997,0.9994651594846446,0.5211443666185431,0.2418858515683001
v114_prob_v113_0.08,prob_pair,v114:0.92;v113:0.08,0.9792010172886223,0.9160249064816063,0.2328767123287671,0.5205479452054794,22,0.011144416,0.999464504,0.5211081507781695,0.2417923213738871
v114_logit_v113_0.08,logit_pair,v114:0.92;v113:0.08,0.9792010172886223,0.9162044010456248,0.2328767123287671,0.5205479452054794,22,0.011144415999999997,0.9994645342026527,0.5211598781325765,0.24187205064099515
v110_prob_v113_0.15,prob_pair,v110:0.85;v113:0.15,0.9792010172886223,0.9157240229656392,0.2328767123287671,0.5205479452054794,22,0.011144416,0.9994661650000001,0.5211156530175819,0.24191992570889498
v110_logit_v113_0.15,logit_pair,v110:0.85;v113:0.15,0.9792010172886223,0.9159764659614448,0.2191780821917808,0.5205479452054794,22,0.011144415999999997,0.9994662374338686,0.5212428886505217,0.24213592544754775
v110_prob_v113_0.20,prob_pair,v110:0.80;v113:0.20,0.9792010172886223,0.9159517279285833,0.2328767123287671,0.5205479452054794,22,0.011144416,0.9994649200000001,0.521110128721282,0.24182214819231426
v110_logit_v113_0.20,logit_pair,v110:0.80;v113:0.20,0.9792010172886223,0.9162393794734849,0.2328767123287671,0.5205479452054794,22,0.011144415999999997,0.999465010966685,0.5212703339564072,0.24209702447072837
v114_prob_v113_0.10,prob_pair,v114:0.90;v113:0.10,0.9791631069087603,0.9160941729736185,0.2328767123287671,0.5205479452054794,22,0.011144416,0.99946408,0.5211062722825677,0.24176675677649964
v114_logit_v113_0.10,logit_pair,v114:0.90;v113:0.10,0.9791631069087603,0.9163087610261152,0.2328767123287671,0.5205479452054794,22,0.011144415999999997,0.9994641169421412,0.5211694558737774,0.24186560271432092
v114_prob_v113_0.15,prob_pair,v114:0.85;v113:0.15,0.9791631069087603,0.9162524963839325,0.2328767123287671,0.5205479452054794,22,0.011144416,0.9994630199999999,0.521101576043563,0.24171394598730672
v114_logit_v113_0.15,logit_pair,v114:0.85;v113:0.15,0.9791631069087603,0.9165314033218691,0.2328767123287671,0.5205479452054794,22,0.011144415999999997,0.9994630723685446,0.521190579690927,0.2418589130495589
v110_prob_v113_0.30,prob_pair,v110:0.70;v113:0.30,0.9791631069087603,0.916326710482517,0.2328767123287671,0.5205479452054794,22,0.011144416,0.9994624299999999,0.5210990801286823,0.24169240496541833
v110_logit_v113_0.08,logit_pair,v110:0.92;v113:0.08,0.979149953906597,0.9154978137907285,0.2191780821917808,0.5205479452054794,22,0.011144415999999997,0.9994679497682499,0.5211960056184817,0.2422162877526159
v114_prob_v113_0.20,prob_pair,v114:0.80;v113:0.20,0.9791383495310618,0.9163848160945872,0.2328767123287671,0.5205479452054794,22,0.011144416,0.99946196,0.5210968798045584,0.24167700128917619
v114_logit_v113_0.20,logit_pair,v114:0.80;v113:0.20,0.9791383495310618,0.9167065255824052,0.2191780821917808,0.5205479452054794,22,0.011144415999999997,0.999462025759902,0.5212074930618216,0.24186516857605508
v114_prob_v113_0.30,prob_pair,v114:0.70;v113:0.30,0.9791383495310618,0.9165949167829833,0.2191780821917808,0.5205479452054794,22,0.011144416,0.9994598399999999,0.5210874873265491,0.24165073614912716
v110_logit_v113_0.30,logit_pair,v110:0.70;v113:0.30,0.9791383495310618,0.9166462338185938,0.2191780821917808,0.5205479452054794,22,0.011144415999999997,0.9994625495759486,0.5213082683449647,0.2420636225723641
v110_prob_v113_0.40,prob_pair,v110:0.60;v113:0.40,0.9791383495310618,0.9165820299937718,0.2191780821917808,0.5205479452054794,22,0.011144416,0.9994599399999999,0.5210880315360826,0.24165051863829567
v110_logit_v113_0.10,logit_pair,v110:0.90;v113:0.10,0.9791251965288983,0.9156399136539098,0.2191780821917808,0.5205479452054794,22,0.011144415999999997,0.9994674610908635,0.5212103327080231,0.24219023451490154
v110,single,v110,0.9791120435267349,0.9148163672808564,0.2191780821917808,0.5205479452054794,22,0.011144416,0.9994699,0.5211322259064814,0.24234454536630962
v110_prob_v113_0.01,prob_pair,v110:0.99;v113:0.01,0.9791120435267349,0.914884655757616,0.2191780821917808,0.5205479452054794,22,0.011144416,0.999469651,0.5211311210472215,0.24231012362614263
v110_logit_v113_0.01,logit_pair,v110:0.99;v113:0.01,0.9791120435267349,0.914905481729467,0.2191780821917808,0.5205479452054794,22,0.011144415999999997,0.9994696566123,0.5211407136391936,0.24232647088387005
v110_prob_v113_0.02,prob_pair,v110:0.98;v113:0.02,0.9791120435267349,0.9149576041894031,0.2191780821917808,0.5205479452054794,22,0.011144416,0.999469402,0.5211300161879615,0.24227657383126294
v110_logit_v113_0.02,logit_pair,v110:0.98;v113:0.02,0.9791120435267349,0.914999026011869,0.2191780821917808,0.5205479452054794,22,0.011144415999999997,0.9994694131129113,0.5211490635706525,0.24230896617386902
v110_prob_v113_0.03,prob_pair,v110:0.97;v113:0.03,0.9791120435267349,0.9150292869543926,0.2191780821917808,0.5205479452054794,22,0.011144416,0.9994691529999999,0.5211289113287015,0.24224389634395324
v110_logit_v113_0.03,logit_pair,v110:0.97;v113:0.03,0.9791120435267349,0.9150880829301705,0.2191780821917808,0.5205479452054794,22,0.011144415999999997,0.9994691695017828,0.5211572711082727,0.242292038583589
v110_prob_v113_0.05,prob_pair,v110:0.95;v113:0.05,0.9791120435267349,0.9151681651202711,0.2191780821917808,0.5205479452054794,22,0.011144416,0.999468655,0.5211267016101816,0.24218115969502277
v110_logit_v113_0.05,logit_pair,v110:0.95;v113:0.05,0.9791120435267349,0.9152634353119425,0.2191780821917808,0.5205479452054794,22,0.011144415999999997,0.9994686819441015,0.521173240129767,0.2422599424876499
v110_prob_v113_0.08,prob_pair,v110:0.92;v113:0.08,0.9791120435267349,0.9153511115028286,0.2191780821917808,0.5205479452054794,22,0.011144416,0.9994679080000001,0.5211233870324017,0.24209360555394252
v110_prob_v113_0.10,prob_pair,v110:0.90;v113:0.10,0.9791120435267349,0.9154647913933738,0.2328767123287671,0.5205479452054794,22,0.011144416,0.9994674100000001,0.5211211773138817,0.24203960703424302
v114_prob_v113_0.40,prob_pair,v114:0.60;v113:0.40,0.9791004391511998,0.9167385124341982,0.2191780821917808,0.5205479452054794,22,0.011144416,0.9994577199999999,0.52107809484854,0.2416879820555564
v114_logit_v113_0.30,logit_pair,v114:0.70;v113:0.30,0.9790625287713378,0.9169152455433859,0.2191780821917808,0.5205479452054794,22,0.011144415999999997,0.999459926421629,0.521228399680443,0.24191348749712877
v110_logit_v113_0.40,logit_pair,v110:0.60;v113:0.40,0.9790625287713378,0.9168548387189565,0.2191780821917808,0.5205479452054794,22,0.011144415999999997,0.9994600768669026,0.5213226163744173,0.24208594252214957
v114_logit_v113_0.40,logit_pair,v114:0.60;v113:0.40,0.9790246183914758,0.9169764577921409,0.2191780821917808,0.5205479452054794,22,0.011144415999999997,0.9994578188955472,0.5212327660391824,0.24200519426014985
v114_prob_v119_0.30,prob_pair,v114:0.70;v119:0.30,0.9790068785686327,0.9225490161109028,0.1506849315068493,0.4246575342465753,22,0.0176591335,0.9994154819999999,0.520911498541923,0.23070497115709518
v110_prob_v119_0.30,prob_pair,v110:0.70;v119:0.30,0.9789558151866072,0.9220737006981072,0.1643835616438356,0.410958904109589,22,0.0176591335,0.9994180719999999,0.5209230913440561,0.23088843772599868
v114_logit_v119_0.20,logit_pair,v114:0.80;v119:0.20,0.9787070744074368,0.9222222439558945,0.1917808219178082,0.4794520547945205,22,0.01803226904620513,0.9994360011840097,0.5219550727037308,0.23810700464042608
v110_logit_v119_0.20,logit_pair,v110:0.80;v119:0.20,0.9785554328879887,0.9215681243427881,0.1917808219178082,0.4794520547945205,22,0.01803226904620513,0.9994391307195322,0.5219926370398815,0.238417305120849
v113,single,v113,0.9775592665790209,0.9155821532236936,0.1780821917808219,0.5342465753424658,22,0.011144416,0.99950665,0.5210217399804843,0.243240073279895
v114_logit_v117_0.20,logit_pair,v114:0.80;v117:0.20,0.977107195527163,0.9083022103950135,0.136986301369863,0.410958904109589,22,0.01326438925478907,0.9992609388687714,0.5219903974328782,0.23864934675848704
v110_logit_v117_0.20,logit_pair,v110:0.80;v117:0.20,0.977031374767439,0.9076589064799954,0.136986301369863,0.410958904109589,22,0.01326438925478907,0.9992650390815948,0.5220237750395029,0.23896595728125883
v114_prob_v117_0.20,prob_pair,v114:0.80;v117:0.20,0.976827344122901,0.8963917105268154,0.1095890410958904,0.3835616438356164,22,0.014213449200000002,0.9990304400000001,0.5210494220801175,0.2345803555636488
v110_prob_v117_0.20,prob_pair,v110:0.80;v117:0.20,0.9767894337430391,0.895731837882811,0.1095890410958904,0.3835616438356164,22,0.014213449200000002,0.9990334000000001,0.5210626709968412,0.23486299807327804
v114_prob_v116_0.30,prob_pair,v114:0.70;v116:0.30,0.976225988364341,0.9093133631056518,0.136986301369863,0.4794520547945205,22,0.0157793164,0.9988181399999999,0.5210121752728097,0.2323792048028087
v110_prob_v116_0.30,prob_pair,v110:0.70;v116:0.30,0.976188077984479,0.908850589300214,0.136986301369863,0.4794520547945205,22,0.0157793164,0.9988207299999999,0.521023768074943,0.23259134259822242
v114_logit_v116_0.30,logit_pair,v114:0.70;v116:0.30,0.9758514325270728,0.9167620423305712,0.1917808219178082,0.5068493150684932,22,0.01448628747178541,0.9991321972486653,0.5220805377297228,0.23784884984629465
v110_logit_v116_0.30,logit_pair,v110:0.70;v116:0.30,0.9758135221472108,0.9162516334292977,0.1917808219178082,0.5068493150684932,22,0.01448628747178541,0.9991364108184672,0.5221334345328476,0.23811646429923222
v114_logit_v119_0.30,logit_pair,v114:0.70;v119:0.30,0.9744089240511147,0.9226738568813901,0.1780821917808219,0.4794520547945205,22,0.01750656271652715,0.9994202673930694,0.5222069410129455,0.2376016201971147
v110_logit_v119_0.30,logit_pair,v110:0.70;v119:0.30,0.9742193721518045,0.9221467641905123,0.1780821917808219,0.4931506849315068,22,0.01750656271652715,0.9994230830613466,0.5222543766386186,0.23784868156016703
v114_prob_v119_0.40,prob_pair,v114:0.60;v119:0.40,0.9732864383277362,0.9210398810457308,0.1506849315068493,0.3972602739726027,22,0.01716865,0.9993985759999999,0.5208434431357051,0.22990762444669044
v110_prob_v119_0.40,prob_pair,v110:0.60;v119:0.40,0.9731727071881501,0.9206864723576645,0.1506849315068493,0.3972602739726027,22,0.01716865,0.999400796,0.5208533798232478,0.2300286413367953
v114_rank_v119_0.20,rank_pair,v114:0.80;v119:0.20,0.9704998853925381,0.9041575543451434,0.1917808219178082,0.4383561643835616,22,0.0,1.0,0.5024301749111078,0.27657858055197093
v114_rank_v113_0.00_v119_0.20,rank_three,v114:0.80;v113:0.00;v119:0.20,0.9704998853925381,0.9041575543451434,0.1917808219178082,0.4383561643835616,22,0.0,1.0,0.5024301749111078,0.27657858055197093
v114_rank_v113_0.05_v119_0.20,rank_three,v114:0.75;v113:0.05;v119:0.20,0.9704767513470344,0.9042563914159716,0.1917808219178082,0.4383561643835616,22,0.0,1.0,0.5024537546566239,0.27642232206533435
v114_rank_v113_0.02_v119_0.20,rank_three,v114:0.78;v113:0.02;v119:0.20,0.9704394103778488,0.9042058798046869,0.1917808219178082,0.4383561643835616,22,0.0,1.0,0.5024395989565849,0.2765133196270856
v114_rank_v113_0.08_v119_0.20,rank_three,v114:0.72;v113:0.08;v119:0.20,0.9704071841943956,0.9042915424347586,0.1917808219178082,0.4383561643835616,22,0.0,1.0,0.5024679339554794,0.27633960668980756
v110_rank_v119_0.20,rank_pair,v110:0.80;v119:0.20,0.9703207095550949,0.9041184337350368,0.1780821917808219,0.4383561643835616,22,0.0,1.0,0.502445272737259,0.2764939854986818
v114_rank_v113_0.10_v119_0.20,rank_three,v114:0.70;v113:0.10;v119:0.20,0.9702858633891716,0.9043065003150935,0.1917808219178082,0.4383561643835616,22,0.0,1.0,0.5024773999544951,0.2762890693551924
v114_rank_v119_0.15,rank_pair,v114:0.85;v119:0.15,0.970063026014217,0.9035918012866309,0.1917808219178082,0.4794520547945205,22,0.0,1.0,0.502137007831021,0.2794728262384702
v114_rank_v113_0.00_v119_0.15,rank_three,v114:0.85;v113:0.00;v119:0.15,0.970063026014217,0.9035918012866309,0.1917808219178082,0.4794520547945205,22,0.0,1.0,0.502137007831021,0.2794728262384702
v114_rank_v113_0.08_v119_0.15,rank_three,v114:0.77;v113:0.08;v119:0.15,0.9700582446564439,0.9037299315584926,0.1917808219178082,0.4657534246575342,22,0.0,1.0,0.5021805909473089,0.27922087791461364
v114_rank_v113_0.15_v119_0.20,rank_three,v114:0.65;v113:0.15;v119:0.20,0.9699842162720195,0.9043356681817465,0.1917808219178082,0.4383561643835616,22,0.0,1.0,0.5024993026253304,0.27617784053555333
v114_rank_v113_0.02_v119_0.15,rank_three,v114:0.83;v113:0.02;v119:0.15,0.969949294874631,0.9036272399569627,0.1917808219178082,0.4794520547945205,22,0.0,1.0,0.50214788986978,0.2794043938068609
v114_rank_v113_0.10_v119_0.15,rank_three,v114:0.75;v113:0.10;v119:0.15,0.9699094790255398,0.9037535765154835,0.1917808219178082,0.4657534246575342,22,0.0,1.0,0.5021915096744339,0.27916697726036865
v114_rank_v113_0.05_v119_0.15,rank_three,v114:0.80;v113:0.05;v119:0.15,0.9699070430012959,0.90369058082715,0.1917808219178082,0.4657534246575342,22,0.0,1.0,0.5021642300899647,0.27930854871804256
v110_rank_v119_0.15,rank_pair,v110:0.85;v119:0.15,0.969817974473359,0.9035380104477342,0.1780821917808219,0.4931506849315068,22,0.0,1.0,0.5021564951521337,0.2794106245474516
v114_rank_v113_0.15_v119_0.15,rank_three,v114:0.70;v113:0.15;v119:0.15,0.9696662751293025,0.9037972995503086,0.1917808219178082,0.4657534246575342,22,0.0,1.0,0.5022160861759046,0.27904659683004174
v114_rank_v113_0.08_v119_0.10,rank_three,v114:0.82;v113:0.08;v119:0.10,0.9686119779673227,0.902631965611603,0.2054794520547945,0.4794520547945205,22,0.0,1.0,0.501837815361234,0.2824981276867709
v114_rank_v113_0.05_v119_0.10,rank_three,v114:0.85;v113:0.05;v119:0.10,0.968598824965159,0.9025750681360214,0.2054794520547945,0.4794520547945205,22,0.0,1.0,0.5018214815327223,0.2825916394081463
v114_rank_v113_0.02_v119_0.10,rank_three,v114:0.88;v113:0.02;v119:0.10,0.9684913781459552,0.9025041907953577,0.2054794520547945,0.4794520547945205,22,0.0,1.0,0.5018051679880388,0.28269321135351944
v114_rank_v119_0.10,rank_pair,v114:0.90;v119:0.10,0.9684724229560241,0.902450572547388,0.2054794520547945,0.4794520547945205,22,0.0,1.0,0.5017943035367922,0.2827653981964114
v114_rank_v113_0.00_v119_0.10,rank_three,v114:0.90;v113:0.00;v119:0.10,0.9684724229560241,0.902450572547388,0.2054794520547945,0.4794520547945205,22,0.0,1.0,0.5017943035367922,0.2827653981964114
v114_rank_v113_0.10_v119_0.10,rank_three,v114:0.80;v113:0.10;v119:0.10,0.9684655692249655,0.9026568762353915,0.2054794520547945,0.4794520547945205,22,0.0,1.0,0.5018487158727014,0.28244026985726867
v110_rank_v119_0.10,rank_pair,v110:0.90;v119:0.10,0.9684584689149432,0.9023694548117257,0.1917808219178082,0.4794520547945205,22,0.0,1.0,0.5018237444008027,0.2827313666398265
v114_rank_v113_0.15_v119_0.10,rank_three,v114:0.75;v113:0.15;v119:0.10,0.9684400262626714,0.9027135435897371,0.2054794520547945,0.4794520547945205,22,0.0,1.0,0.5018732664675549,0.2823097893705146
v114_rank_v119_0.30,rank_pair,v114:0.70;v119:0.30,0.9682867929757797,0.9038502274345704,0.1917808219178082,0.4383561643835616,22,0.0,1.0,0.5028124043599494,0.2720156607022167
v110_rank_v119_0.30,rank_pair,v110:0.70;v119:0.30,0.968165571738626,0.9038245689167652,0.1780821917808219,0.4383561643835616,22,0.0,1.0,0.5028517324558708,0.2719128259077539
v110_prob_v116_0.40,prob_pair,v110:0.60;v116:0.40,0.9680379684561646,0.9025017169920715,0.136986301369863,0.4657534246575342,22,0.0163254844,0.99860434,0.5209876154644302,0.23174889987618677
v114_prob_v116_0.40,prob_pair,v114:0.60;v116:0.40,0.9680132110784662,0.9028683576512032,0.136986301369863,0.4794520547945205,22,0.0163254844,0.9986021199999999,0.5209776787768875,0.23159436238445172
v114_rank_v113_0.02_v119_0.08,rank_three,v114:0.90;v113:0.02;v119:0.08,0.9679506300525476,0.9018711272753381,0.2054794520547945,0.4794520547945205,22,0.0,1.0,0.5016460310539979,0.2841118532084482
v114_rank_v119_0.08,rank_pair,v114:0.92;v119:0.08,0.9679258726748491,0.9018165310121158,0.2054794520547945,0.4794520547945205,22,0.0,1.0,0.5016359099843041,0.2841858845921032
v114_rank_v113_0.00_v119_0.08,rank_three,v114:0.92;v113:0.00;v119:0.08,0.9679258726748491,0.9018165310121158,0.2054794520547945,0.4794520547945205,22,0.0,1.0,0.5016359099843041,0.2841858845921032
v114_rank_v113_0.05_v119_0.08,rank_three,v114:0.87;v113:0.05;v119:0.08,0.9677542118496831,0.9019462618588664,0.2054794520547945,0.4794520547945205,22,0.0,1.0,0.5016601373997114,0.28400684046932023
v110_rank_v119_0.08,rank_pair,v110:0.92;v119:0.08,0.9676940945249508,0.9017058426976376,0.1917808219178082,0.4794520547945205,22,0.0,1.0,0.5016667691554222,0.2841623717619357
v114_rank_v113_0.08_v119_0.08,rank_three,v114:0.84;v113:0.08;v119:0.08,0.9676700310005866,0.9020012608342516,0.2054794520547945,0.4794520547945205,22,0.0,1.0,0.50167426228756,0.2839098405125603
v114_rank_v113_0.10_v119_0.08,rank_three,v114:0.82;v113:0.10;v119:0.08,0.9676337108613956,0.9020186925178727,0.2054794520547945,0.4794520547945205,22,0.0,1.0,0.5016836892033194,0.28384963063589286
v114_rank_v113_0.15_v119_0.08,rank_three,v114:0.77;v113:0.15;v119:0.08,0.9675973907222045,0.9020799047666277,0.2054794520547945,0.4794520547945205,22,0.0,1.0,0.5017072927258905,0.2837147258827763
v110_logit_v119_0.40,logit_pair,v110:0.60;v119:0.40,0.967532685231041,0.9209263162158036,0.1506849315068493,0.4246575342465753,22,0.016995917374250356,0.9994065765182949,0.5223783175626464,0.2381763949384528
v114_logit_v119_0.40,logit_pair,v114:0.60;v119:0.40,0.9674947748511791,0.9213123445890615,0.1506849315068493,0.4246575342465753,22,0.016995917374250356,0.9994040949406116,0.5223234235842009,0.23799101329074418
v114_logit_v116_0.40,logit_pair,v114:0.60;v116:0.40,0.9667548383572021,0.9119991080500895,0.1917808219178082,0.5068493150684932,22,0.015806351903817604,0.9989796466882229,0.5221970081440255,0.23793537023924793
v110_logit_v116_0.40,logit_pair,v110:0.60;v116:0.40,0.9667169279773401,0.9115808627038026,0.1917808219178082,0.5068493150684932,22,0.015806351903817604,0.9989838940344469,0.5222571364836015,0.23814090411565225
v114_rank_v113_0.02_v119_0.05,rank_three,v114:0.93;v113:0.02;v119:0.05,0.9663614387577136,0.9005718627773263,0.1917808219178082,0.5205479452054794,22,0.0,1.0,0.501307503393211,0.2863019577739521
v114_rank_v119_0.05,rank_pair,v114:0.95;v119:0.05,0.9663107059351226,0.9005266439544678,0.2054794520547945,0.5205479452054794,22,0.0,1.0,0.501297045834933,0.28637785323817444
v114_rank_v113_0.00_v119_0.05,rank_three,v114:0.95;v113:0.00;v119:0.05,0.9663107059351226,0.9005266439544678,0.2054794520547945,0.5205479452054794,22,0.0,1.0,0.501297045834933,0.28637785323817444
v114_rank_v113_0.05_v119_0.05,rank_three,v114:0.90;v113:0.05;v119:0.05,0.966295902780624,0.9006517723765,0.2054794520547945,0.5205479452054794,22,0.0,1.0,0.5013232040375657,0.28619471726248247
v114_rank_v113_0.08_v119_0.05,rank_three,v114:0.87;v113:0.08;v119:0.05,0.9661940647979907,0.9007146530042155,0.2054794520547945,0.5205479452054794,22,0.0,1.0,0.5013389218902995,0.28609540983672027
v110_rank_v119_0.05,rank_pair,v110:0.95;v119:0.05,0.9661896465276331,0.9003702190443502,0.1917808219178082,0.5068493150684932,22,0.0,1.0,0.5013281099660585,0.28636954417633026
v114_rank_v113_0.10_v119_0.05,rank_three,v114:0.85;v113:0.10;v119:0.05,0.9661646218953276,0.9007511847504179,0.2054794520547945,0.5205479452054794,22,0.0,1.0,0.5013494100413308,0.2860336173738533
v114_rank_v116_0.08,rank_pair,v114:0.92;v116:0.08,0.965951032066389,0.8968651849697236,0.1917808219178082,0.4383561643835616,22,0.0,1.0,0.5014119489764431,0.28522404774172083
v114_logit_v117_0.30,logit_pair,v114:0.70;v117:0.30,0.9658787646503852,0.8990460439225499,0.1095890410958904,0.410958904109589,22,0.014468974877906798,0.9991304008199234,0.522276992957012,0.23803089079324977
v114_rank_v113_0.15_v119_0.05,rank_three,v114:0.80;v113:0.15;v119:0.05,0.965873729103875,0.9008274699401259,0.1917808219178082,0.5205479452054794,22,0.0,1.0,0.5013711338889596,0.28589197139407685
v114_rank_v116_0.10,rank_pair,v114:0.90;v116:0.10,0.9658316876432838,0.896410695528779,0.1780821917808219,0.4383561643835616,22,0.0,1.0,0.5015844274984094,0.2840804274262292
v110_rank_v116_0.08,rank_pair,v110:0.92;v116:0.08,0.9658279948210161,0.8967428180025223,0.1780821917808219,0.4520547945205479,22,0.0,1.0,0.5014099278694868,0.2851940676731565
v110_logit_v117_0.30,logit_pair,v110:0.70;v117:0.30,0.9657102955643658,0.8985334488695352,0.1095890410958904,0.410958904109589,22,0.014468974877906798,0.999134623104634,0.5223174234947826,0.238287973429366
v110_rank_v116_0.10,rank_pair,v110:0.90;v116:0.10,0.965704783838535,0.8962924132135154,0.1643835616438356,0.4520547945205479,22,0.0,1.0,0.5015718826394869,0.28403778927808065
v114_rank_v116_0.05,rank_pair,v114:0.95;v116:0.05,0.965620235661516,0.8974270834975344,0.1917808219178082,0.4931506849315068,22,0.0,1.0,0.5010745320573616,0.286995384827632
v110_rank_v116_0.15,rank_pair,v110:0.85;v116:0.15,0.9653089535601626,0.8948855670377103,0.1780821917808219,0.4657534246575342,22,0.0,1.0,0.5018818820440542,0.28133574861744176
v114_rank_v119_0.03,rank_pair,v114:0.97;v119:0.03,0.9652993323815725,0.8994709627846786,0.2054794520547945,0.5068493150684932,22,0.0,1.0,0.5009934145539194,0.28787177383608276
v114_rank_v113_0.00_v119_0.03,rank_three,v114:0.97;v113:0.00;v119:0.03,0.9652993323815725,0.8994709627846786,0.2054794520547945,0.5068493150684932,22,0.0,1.0,0.5009934145539194,0.28787177383608276
v114_rank_v113_0.02_v119_0.03,rank_three,v114:0.95;v113:0.02;v119:0.03,0.9652857395151089,0.8995276876693332,0.2054794520547945,0.5068493150684932,22,0.0,1.0,0.5010020458075849,0.28779350470434467
v114_rank_v113_0.05_v119_0.03,rank_three,v114:0.92;v113:0.05;v119:0.03,0.9652224607077552,0.8996079999806699,0.2054794520547945,0.5068493150684932,22,0.0,1.0,0.5010150047433674,0.2876826567622574
v114_rank_v116_0.15,rank_pair,v114:0.85;v116:0.15,0.965218103415469,0.8949688133948048,0.1780821917808219,0.4520547945205479,22,0.0,1.0,0.5019236464126644,0.28141035351307814
v114_rank_v116_0.20,rank_pair,v114:0.80;v116:0.20,0.9651391768366849,0.8930576565304782,0.1780821917808219,0.4794520547945205,22,0.0,1.0,0.5021650449843464,0.27903958623580183
v110_rank_v116_0.05,rank_pair,v110:0.95;v116:0.05,0.9651252275478751,0.8972985032569634,0.1780821917808219,0.4794520547945205,22,0.0,1.0,0.5010755181911313,0.28697749338248607
v110_rank_v119_0.03,rank_pair,v110:0.97;v119:0.03,0.9651160569621907,0.8993290930427331,0.1917808219178082,0.4931506849315068,22,0.0,1.0,0.5010111654513276,0.28786596983595236
v110_rank_v116_0.20,rank_pair,v110:0.80;v116:0.20,0.9651011107755948,0.8929926472813304,0.1780821917808219,0.4931506849315068,22,0.0,1.0,0.5021067446587134,0.27894216581866005
v114_rank_v113_0.08_v119_0.03,rank_three,v114:0.89;v113:0.08;v119:0.03,0.9650081514307466,0.8996842851703777,0.2054794520547945,0.5068493150684932,22,0.0,1.0,0.5010279781820005,0.2875796853998864
v114_rank_v113_0.10_v119_0.03,rank_three,v114:0.87;v113:0.10;v119:0.03,0.964859304747106,0.8997257645231526,0.2054794520547945,0.5068493150684932,22,0.0,1.0,0.5010366352185875,0.2875154188192211
v114_rank_v113_0.15_v119_0.03,rank_three,v114:0.82;v113:0.15;v119:0.03,0.9648258567206003,0.8998097587742638,0.2054794520547945,0.5068493150684932,22,0.0,1.0,0.5010583061708062,0.2873701067600977
v110_rank_v119_0.02,rank_pair,v110:0.98;v119:0.02,0.9643204101401729,0.898733079041697,0.1917808219178082,0.5068493150684932,22,0.0,1.0,0.5008062204676389,0.2886099773947926
v114_rank_v116_0.03,rank_pair,v114:0.97;v116:0.03,0.9642916921080098,0.8976729105078074,0.1780821917808219,0.5068493150684932,22,0.0,1.0,0.5007883128370272,0.28820694402016256
v114_prob_v117_0.30,prob_pair,v114:0.70;v117:0.30,0.9642789276305398,0.8818890099965816,0.1095890410958904,0.3561643835616438,22,0.0157479658,0.99881256,0.5210163007398878,0.23260480918258358
v110_prob_v117_0.30,prob_pair,v110:0.70;v117:0.30,0.9642241896841064,0.8813489154558742,0.1095890410958904,0.3561643835616438,22,0.0157479658,0.99881515,0.521027893542021,0.23282434803056948
v114_rank_v113_0.02_v119_0.02,rank_three,v114:0.96;v113:0.02;v119:0.02,0.9641735145161058,0.8989454234121433,0.2054794520547945,0.5205479452054794,22,0.0,1.0,0.500798600168896,0.2885324564947497
v114_rank_v113_0.05_v119_0.02,rank_three,v114:0.93;v113:0.05;v119:0.02,0.9641680365406025,0.8990242974657554,0.2054794520547945,0.5205479452054794,22,0.0,1.0,0.5008115430227732,0.28842062536482077
v114_rank_v119_0.02,rank_pair,v114:0.98;v119:0.02,0.9641445759046072,0.8988836933906075,0.2054794520547945,0.5205479452054794,22,0.0,1.0,0.5007899796267068,0.28861136514209723
v114_rank_v113_0.00_v119_0.02,rank_three,v114:0.98;v113:0.00;v119:0.02,0.9641445759046072,0.8988836933906075,0.2054794520547945,0.5205479452054794,22,0.0,1.0,0.5007899796267068,0.28861136514209723
v110_rank_v116_0.03,rank_pair,v110:0.97;v116:0.03,0.964122095409635,0.8975534200560552,0.1643835616438356,0.4931506849315068,22,0.0,1.0,0.500788882313214,0.2881960027346031
v114_rank_v113_0.08_v119_0.02,rank_three,v114:0.90;v113:0.08;v119:0.02,0.9639512989083652,0.899104322125547,0.2054794520547945,0.5205479452054794,22,0.0,1.0,0.5008245003618207,0.2883166421313438
v114_rank_v113_0.10_v119_0.02,rank_three,v114:0.88;v113:0.10;v119:0.02,0.9638239749023154,0.8991353884923964,0.2054794520547945,0.5205479452054794,22,0.0,1.0,0.5008331466554996,0.2882516850452557
v114_rank_v113_0.15_v119_0.02,rank_three,v114:0.83;v113:0.15;v119:0.02,0.9636655315061776,0.8992236399863722,0.2054794520547945,0.5205479452054794,22,0.0,1.0,0.5008547907158413,0.288104591047089
v110_rank_v116_0.02,rank_pair,v110:0.98;v116:0.02,0.963451701958689,0.8976217085328149,0.1643835616438356,0.5205479452054794,22,0.0,1.0,0.5006122688675142,0.2888053904660356
v114_rank_v116_0.02,rank_pair,v114:0.98;v116:0.02,0.9634146558031628,0.8977463767123752,0.1780821917808219,0.5205479452054794,22,0.0,1.0,0.5006118965765433,0.28881275104761933
v110_rank_v119_0.01,rank_pair,v110:0.99;v119:0.01,0.9633224490452741,0.8981299888126562,0.2191780821917808,0.5205479452054794,22,0.0,1.0,0.5005102589703928,0.28931569621727565
v114_rank_v119_0.01,rank_pair,v114:0.99;v119:0.01,0.9630890807892445,0.8982891176472957,0.2328767123287671,0.5205479452054794,22,0.0,1.0,0.5004931582325768,0.2893111820581971
v114_rank_v113_0.00_v119_0.01,rank_three,v114:0.99;v113:0.00;v119:0.01,0.9630890807892445,0.8982891176472957,0.2328767123287671,0.5205479452054794,22,0.0,1.0,0.5004931582325768,0.2893111820581971
v114_rank_v113_0.02_v119_0.01,rank_three,v114:0.97;v113:0.02;v119:0.01,0.963029217453546,0.8983577513059092,0.2328767123287671,0.5205479452054794,22,0.0,1.0,0.5005024866731874,0.2892320782062614
v114_rank_v116_0.01,rank_pair,v114:0.99;v116:0.01,0.9629455795087793,0.897867190361234,0.2054794520547945,0.5205479452054794,22,0.0,1.0,0.5003743828947511,0.2893956402888343
v114_rank_v113_0.05_v119_0.01,rank_three,v114:0.94;v113:0.05;v119:0.01,0.9629239537911587,0.8984507778155304,0.2328767123287671,0.5205479452054794,22,0.0,1.0,0.500516491358551,0.289119929003615
v110_rank_v116_0.01,rank_pair,v110:0.99;v116:0.01,0.9628080850574395,0.8977272191194848,0.1917808219178082,0.5205479452054794,22,0.0,1.0,0.5003745653740904,0.28939192783156176
v114_rank_v113_0.10_v119_0.01,rank_three,v114:0.89;v113:0.10;v119:0.01,0.9628075256175368,0.8985611784784637,0.2328767123287671,0.5205479452054794,22,0.0,1.0,0.5005398646674889,0.28895039123278243
v114_rank_v113_0.08_v119_0.01,rank_three,v114:0.91;v113:0.08;v119:0.01,0.9627696152376747,0.8985198717166158,0.2328767123287671,0.5205479452054794,22,0.0,1.0,0.5005305105097544,0.28901559739383276
v114_rank_v119_0.40,rank_pair,v114:0.60;v119:0.40,0.9627223686022468,0.9017443304743454,0.1780821917808219,0.410958904109589,22,0.0,1.0,0.5029912850230158,0.26920783372508567
v114_rank_v113_0.15_v119_0.01,rank_three,v114:0.84;v113:0.15;v119:0.01,0.962711323379802,0.8986336091374699,0.2328767123287671,0.5205479452054794,22,0.0,1.0,0.5005632783505748,0.28880261572727955
v110_rank_v119_0.40,rank_pair,v110:0.60;v119:0.40,0.9625992490319681,0.9017468618079406,0.1643835616438356,0.3972602739726027,22,0.0,1.0,0.5030102860735244,0.2690741382625312
v110_rank_v117_0.02,rank_pair,v110:0.98;v117:0.02,0.9624033560154662,0.8954636891126536,0.1506849315068493,0.4794520547945205,22,0.0,1.0,0.5006850484952252,0.28898514996874686
v114_rank_v117_0.02,rank_pair,v114:0.98;v117:0.02,0.9623671667373432,0.8956218399320406,0.1643835616438356,0.4657534246575342,22,0.0,1.0,0.5006808650237844,0.2889899022653924
v110_rank_v113_0.15,rank_pair,v110:0.85;v113:0.15,0.9623598189693415,0.8982803730403307,0.2191780821917808,0.5205479452054794,22,0.0,1.0,0.5000788400888317,0.28921518936885077
v110_rank_v113_0.08,rank_pair,v110:0.92;v113:0.08,0.9623493534151596,0.8979250083217591,0.2191780821917808,0.5205479452054794,22,0.0,1.0,0.500055196590968,0.289515437822328
v110_rank_v117_0.01,rank_pair,v110:0.99;v117:0.01,0.9622770156035755,0.8965835741072647,0.2054794520547945,0.5342465753424658,22,0.0,1.0,0.5004056858220692,0.2894790693104804
v110_rank_v113_0.10,rank_pair,v110:0.90;v113:0.10,0.9622545774655046,0.8980442111219664,0.2191780821917808,0.5205479452054794,22,0.0,1.0,0.5000645224678855,0.28942537381454536
v110_rank_v117_0.03,rank_pair,v110:0.97;v117:0.03,0.9622491788089232,0.8943758485001446,0.136986301369863,0.4383561643835616,22,0.0,1.0,0.5008680020821512,0.28844674111172325
v110_rank_v113_0.20,rank_pair,v110:0.80;v113:0.20,0.9621462243718099,0.8984243138733995,0.2191780821917808,0.5205479452054794,22,0.0,1.0,0.500093168494403,0.28903399929491036
v114_rank_v117_0.01,rank_pair,v114:0.99;v117:0.01,0.9620750998822097,0.8967192305758405,0.2191780821917808,0.5342465753424658,22,0.0,1.0,0.5004099827695231,0.28948530078561285
v110_rank_v113_0.05,rank_pair,v110:0.95;v113:0.05,0.9620271151863325,0.8977465493033022,0.2191780821917808,0.5205479452054794,22,0.0,1.0,0.5000349195082355,0.2896555250873605
v110_rank_v113_0.02,rank_pair,v110:0.98;v113:0.02,0.9620081599964017,0.8975048069449668,0.2191780821917808,0.5205479452054794,22,0.0,1.0,0.5000139562101195,0.28980560592418686
v110_rank_v113_0.03,rank_pair,v110:0.97;v113:0.03,0.9619702496165395,0.8975948418785211,0.2191780821917808,0.5205479452054794,22,0.0,1.0,0.5000209401068044,0.2897544228991307
v110_rank_v113_0.01,rank_pair,v110:0.99;v113:0.01,0.9618944288568155,0.8974242069820854,0.2191780821917808,0.5205479452054794,22,0.0,1.0,0.5000069761761691,0.2898579439979407
v114_rank_v117_0.03,rank_pair,v114:0.97;v117:0.03,0.9618567746114991,0.8945551704732363,0.1506849315068493,0.4520547945205479,22,0.0,1.0,0.5008631736360666,0.28845464555413686
v110_rank_v113_0.30,rank_pair,v110:0.70;v113:0.30,0.9618407167413093,0.898662661943505,0.2191780821917808,0.5205479452054794,22,0.0,1.0,0.5001218576991578,0.2887588382339592
v114_rank_v113_0.02,rank_pair,v114:0.98;v113:0.02,0.9616669027344074,0.8976725653259535,0.2328767123287671,0.5205479452054794,22,0.0,1.0,0.5000089445088797,0.28983156203755267
v114_rank_v113_0.08,rank_pair,v114:0.92;v113:0.08,0.9616669027344074,0.8979268492916466,0.2328767123287671,0.5205479452054794,22,0.0,1.0,0.5000358161016077,0.28961267451044626
v114_rank_v113_0.01,rank_pair,v114:0.99;v113:0.01,0.9616289923545452,0.8976275190940219,0.2328767123287671,0.5205479452054794,22,0.0,1.0,0.5000044714631628,0.28987106767861814
v114_rank_v113_0.03,rank_pair,v114:0.97;v113:0.03,0.9616289923545452,0.8977230194069292,0.2328767123287671,0.5205479452054794,22,0.0,1.0,0.5000134191386618,0.2897929198293654
v114_rank_v113_0.05,rank_pair,v114:0.95;v113:0.05,0.9616289923545452,0.8977978088086037,0.2328767123287671,0.5205479452054794,22,0.0,1.0,0.5000223731564787,0.28971822736013164
v114_rank_v113_0.15,rank_pair,v114:0.85;v113:0.15,0.9616206322651727,0.8981226824634156,0.2328767123287671,0.5205479452054794,22,0.0,1.0,0.50005821242474,0.2893913883939652
v114_rank_v113_0.10,rank_pair,v114:0.90;v113:0.10,0.9615910819746833,0.8979884642525645,0.2328767123287671,0.5205479452054794,22,0.0,1.0,0.5000447860283942,0.28954663432824557
v110_rank_v113_0.40,rank_pair,v110:0.60;v113:0.40,0.9615203627769738,0.8987555733925082,0.2328767123287671,0.5205479452054794,22,0.0,1.0,0.5001469920360468,0.28859816672485017
v114_rank_v117_0.05,rank_pair,v114:0.95;v117:0.05,0.9615106893089348,0.8923194276056426,0.1506849315068493,0.4246575342465753,22,0.0,1.0,0.5011531958398298,0.28737658287883633
v114_rank_v113_0.20,rank_pair,v114:0.80;v113:0.20,0.9614485603668282,0.8982134077606776,0.2328767123287671,0.5205479452054794,22,0.0,1.0,0.5000716476767922,0.28925780170498827
v110_rank_v117_0.05,rank_pair,v110:0.95;v117:0.05,0.961309118405686,0.8921082913716848,0.136986301369863,0.410958904109589,22,0.0,1.0,0.5011526212268407,0.28735845123281073
v114_rank_v113_0.30,rank_pair,v114:0.70;v113:0.30,0.9610984590062411,0.8983722489437723,0.2328767123287671,0.5205479452054794,22,0.0,1.0,0.5000985447807971,0.28905574308030807
v110_rank_v116_0.30,rank_pair,v110:0.70;v116:0.30,0.9609280753497728,0.8878588726291616,0.136986301369863,0.4931506849315068,22,0.0,1.0,0.50240053683941,0.27518144491161933
v114_rank_v116_0.30,rank_pair,v114:0.70;v116:0.30,0.9608038227707393,0.8879282541817919,0.136986301369863,0.4931506849315068,22,0.0,1.0,0.5024443613511788,0.27529155658805393
v114_rank_v113_0.40,rank_pair,v114:0.60;v113:0.40,0.9607951573336546,0.8984466356332839,0.2328767123287671,0.5205479452054794,22,0.0,1.0,0.5001254774060985,0.28894068417119434
v110_rank_v117_0.08,rank_pair,v110:0.92;v117:0.08,0.9599372961044224,0.8884678309497184,0.1232876712328767,0.3972602739726027,22,0.0,1.0,0.5014600729881219,0.28574756375735755
v114_rank_v117_0.08,rank_pair,v114:0.92;v117:0.08,0.9599218932117619,0.888702957322521,0.1232876712328767,0.3972602739726027,22,0.0,1.0,0.501456824801593,0.28577363535917294
v110_rank_v117_0.10,rank_pair,v110:0.90;v117:0.10,0.9587024415327434,0.8859123921551211,0.1095890410958904,0.3835616438356164,22,0.0,1.0,0.5016077679526871,0.28470219545075237
v114_rank_v117_0.10,rank_pair,v114:0.90;v117:0.10,0.9585901508413788,0.8861222627222813,0.1095890410958904,0.3835616438356164,22,0.0,1.0,0.5016056051840958,0.28473535880908396
v110_rank_v117_0.15,rank_pair,v110:0.85;v117:0.15,0.952410467286835,0.8791084551029441,0.0958904109589041,0.3698630136986301,22,0.0,1.0,0.5018612732247785,0.2822443762639754
v114_rank_v117_0.15,rank_pair,v114:0.85;v117:0.15,0.9522340985623693,0.8792771914991835,0.0958904109589041,0.3698630136986301,22,0.0,1.0,0.5018728376462568,0.2823004543438386
v114_rank_v116_0.40,rank_pair,v114:0.60;v116:0.40,0.9513559383881124,0.8811185640987169,0.1232876712328767,0.5068493150684932,22,0.0,1.0,0.5025715077564363,0.2729919102975285
v110_rank_v116_0.40,rank_pair,v110:0.60;v116:0.40,0.9512178404548198,0.8810747835335829,0.1232876712328767,0.5068493150684932,22,0.0,1.0,0.5025237522784498,0.27286618812131397
v114_logit_v117_0.40,logit_pair,v114:0.60;v117:0.40,0.9459612394890161,0.8854820079136392,0.1232876712328767,0.3972602739726027,22,0.015564581000024863,0.99897682985326,0.5224348771429604,0.23809683777216312
v110_logit_v117_0.40,logit_pair,v110:0.60;v117:0.40,0.9459101761069907,0.8851265856647587,0.1232876712328767,0.3972602739726027,22,0.015564581000024863,0.9989810889129467,0.5224799086623996,0.23829508240595046
v110_rank_v117_0.20,rank_pair,v110:0.80;v117:0.20,0.9452760176676477,0.8718114257724968,0.0958904109589041,0.3424657534246575,22,0.0,1.0,0.5020607501502924,0.2800813047389463
v114_rank_v117_0.20,rank_pair,v114:0.80;v117:0.20,0.9448815034850497,0.8719443783165504,0.0958904109589041,0.3424657534246575,22,0.0,1.0,0.5020714944852636,0.28015014417140405
v114_prob_v117_0.40,prob_pair,v114:0.60;v117:0.40,0.940968909586822,0.8641849778928282,0.1095890410958904,0.2876712328767123,22,0.0156503172,0.99859468,0.5209831793996582,0.2318027697651839
v110_prob_v117_0.40,prob_pair,v110:0.60;v117:0.40,0.940817268067374,0.8637820356087299,0.1095890410958904,0.2876712328767123,22,0.0156503172,0.9985969,0.5209931160872009,0.23196589388088187
v110_rank_v117_0.30,rank_pair,v110:0.70;v117:0.30,0.9285323801174828,0.8559950781670062,0.0958904109589041,0.3424657534246575,22,0.0,1.0,0.502378353995669,0.2767193057697964
v114_rank_v117_0.30,rank_pair,v114:0.70;v117:0.30,0.9280422386210145,0.8561421831670688,0.0958904109589041,0.3424657534246575,22,0.0,1.0,0.5023855375690313,0.2768068151973378
v110_rank_v117_0.40,rank_pair,v110:0.60;v117:0.40,0.9011160923555941,0.838451152913145,0.1095890410958904,0.2602739726027397,22,0.0,1.0,0.5025172533374274,0.27464820309299137
v114_rank_v117_0.40,rank_pair,v114:0.60;v117:0.40,0.9008795625117115,0.8385333637246779,0.1095890410958904,0.2602739726027397,22,0.0,1.0,0.5025135387235392,0.2747422391793387
v119,single,v119,0.8652103401844898,0.8719710148496083,0.1232876712328767,0.3424657534246575,22,0.01366975,0.99985874,0.5204351106983974,0.25563497207282554
v116,single,v116,0.8593090259726626,0.8325188000420202,0.1917808219178082,0.3972602739726027,22,0.0125705,0.99981236,0.5207706998013533,0.25192378351366024
v117,single,v117,0.7121448229719685,0.7213175453289934,0.0821917808219178,0.3287671232876712,22,0.013659666,0.99964327,0.5207844513582799,0.25111275015987594
