name,macro_auc,micro_auc,top1_hit,top5_hit,scored_classes,corr_vs_anchor,mad_vs_anchor,active_cells,min,max,anchor,validation,mode,weight,classes
v130_v114_clean_selfblend_same_full_w0.9,0.98008650,0.91663030,0.23287671,0.50684932,22,0.99721407,0.00155152,360,0.01114442,0.99946620,v114_clean_selfblend,same_row,full,0.9,47158son13;47158son22;47158son23
v130_v114_clean_selfblend_same_full_w0.7,0.98004433,0.91667862,0.23287671,0.50684932,22,0.99831472,0.00120674,360,0.01114442,0.99946620,v114_clean_selfblend,same_row,full,0.7,47158son13;47158son22;47158son23
v130_v114_clean_selfblend_same_full_w0.5,0.98000216,0.91659762,0.23287671,0.50684932,22,0.99914053,0.00086195,360,0.01114442,0.99946620,v114_clean_selfblend,same_row,full,0.5,47158son13;47158son22;47158son23
v130_v110_clean_same_full_w0.9,0.97999752,0.91570607,0.21917808,0.50684932,22,0.99722344,0.00155191,360,0.01114442,0.99946990,v110_clean,same_row,full,0.9,47158son13;47158son22;47158son23
v130_v110_clean_same_full_w0.7,0.97995536,0.91575175,0.21917808,0.50684932,22,0.99832039,0.00120704,360,0.01114442,0.99946990,v110_clean,same_row,full,0.7,47158son13;47158son22;47158son23
v130_v110_clean_same_full_w0.5,0.97991319,0.91567363,0.21917808,0.50684932,22,0.99914342,0.00086217,360,0.01114442,0.99946990,v110_clean,same_row,full,0.5,47158son13;47158son22;47158son23
v130_v114_clean_selfblend_blocked_full_w0.35,0.97987567,0.91638119,0.23287671,0.50684932,22,0.99948976,0.00068091,360,0.01114442,0.99946620,v114_clean_selfblend,blocked,full,0.35,47158son13;47158son22;47158son23
v130_v114_clean_selfblend_blocked_full_w0.5,0.97987567,0.91644873,0.23287671,0.50684932,22,0.99895806,0.00097273,360,0.01114442,0.99946620,v114_clean_selfblend,blocked,full,0.5,47158son13;47158son22;47158son23
v130_v114_clean_selfblend_same_full_w0.35,0.97981242,0.91643366,0.23287671,0.50684932,22,0.99957911,0.00060337,360,0.01114442,0.99946620,v114_clean_selfblend,same_row,full,0.35,47158son13;47158son22;47158son23
v130_v114_clean_selfblend_blocked_full_w0.7,0.97981242,0.91636623,0.23287671,0.50684932,22,0.99795702,0.00136182,360,0.01114442,0.99946620,v114_clean_selfblend,blocked,full,0.7,47158son13;47158son22;47158son23
v130_v114_clean_selfblend_blocked_positive_w0.7,0.97979134,0.91861043,0.23287671,0.52054795,22,0.99911288,0.00066056,176,0.01114442,0.99946620,v114_clean_selfblend,blocked,positive,0.7,47158son13;47158son22;47158son23
v130_v114_clean_selfblend_blocked_positive_w0.9,0.97979134,0.91924338,0.23287671,0.52054795,22,0.99853390,0.00084929,176,0.01114442,0.99946620,v114_clean_selfblend,blocked,positive,0.9,47158son13;47158son22;47158son23
v130_v114_clean_selfblend_blocked_full_w0.9,0.97979134,0.91614313,0.23287671,0.50684932,22,0.99662325,0.00175091,360,0.01114442,0.99946620,v114_clean_selfblend,blocked,full,0.9,47158son13;47158son22;47158son23
v130_v110_clean_blocked_full_w0.35,0.97978669,0.91545524,0.21917808,0.50684932,22,0.99949151,0.00068102,360,0.01114442,0.99946990,v110_clean,blocked,full,0.35,47158son13;47158son22;47158son23
v130_v110_clean_blocked_full_w0.5,0.97978669,0.91552957,0.21917808,0.50684932,22,0.99896162,0.00097288,360,0.01114442,0.99946990,v110_clean,blocked,full,0.5,47158son13;47158son22;47158son23
v130_v114_clean_selfblend_blocked_top5_or_positive_w0.7,0.97977025,0.91797139,0.23287671,0.52054795,22,0.99910489,0.00067341,185,0.01114442,0.99946620,v114_clean_selfblend,blocked,top5_or_positive,0.7,47158son13;47158son22;47158son23
v130_v114_clean_selfblend_same_positive_w0.9,0.97977025,0.91858696,0.23287671,0.52054795,22,0.99874707,0.00077576,179,0.01114442,0.99946620,v114_clean_selfblend,same_row,positive,0.9,47158son13;47158son22;47158son23
v130_v114_clean_selfblend_blocked_top5_or_positive_w0.9,0.97972809,0.91834384,0.23287671,0.52054795,22,0.99852062,0.00086581,185,0.01114442,0.99946620,v114_clean_selfblend,blocked,top5_or_positive,0.9,47158son13;47158son22;47158son23
v130_v110_clean_same_full_w0.35,0.97972345,0.91550621,0.21917808,0.50684932,22,0.99958053,0.00060352,360,0.01114442,0.99946990,v110_clean,same_row,full,0.35,47158son13;47158son22;47158son23
v130_v110_clean_blocked_full_w0.7,0.97972345,0.91546318,0.21917808,0.50684932,22,0.99796401,0.00136203,360,0.01114442,0.99946990,v110_clean,blocked,full,0.7,47158son13;47158son22;47158son23
v130_v114_clean_selfblend_same_top5_or_positive_w0.9,0.97970700,0.91771331,0.23287671,0.52054795,22,0.99873641,0.00079263,190,0.01114442,0.99946620,v114_clean_selfblend,same_row,top5_or_positive,0.9,47158son13;47158son22;47158son23
v130_v110_clean_blocked_positive_w0.7,0.97970236,0.91772625,0.21917808,0.52054795,22,0.99911595,0.00066068,176,0.01114442,0.99946990,v110_clean,blocked,positive,0.7,47158son13;47158son22;47158son23
v130_v110_clean_blocked_positive_w0.9,0.97970236,0.91836162,0.21917808,0.52054795,22,0.99853897,0.00084945,176,0.01114442,0.99946990,v110_clean,blocked,positive,0.9,47158son13;47158son22;47158son23
v130_v110_clean_blocked_full_w0.9,0.97970236,0.91524572,0.21917808,0.50684932,22,0.99663479,0.00175118,360,0.01114442,0.99946990,v110_clean,blocked,full,0.9,47158son13;47158son22;47158son23
v130_v114_clean_selfblend_blocked_positive_w0.5,0.97968592,0.91792134,0.23287671,0.52054795,22,0.99954737,0.00047183,176,0.01114442,0.99946620,v114_clean_selfblend,blocked,positive,0.5,47158son13;47158son22;47158son23
v130_v114_clean_selfblend_blocked_top5_or_positive_w0.5,0.97968592,0.91749734,0.23287671,0.52054795,22,0.99954332,0.00048101,185,0.01114442,0.99946620,v114_clean_selfblend,blocked,top5_or_positive,0.5,47158son13;47158son22;47158son23
v130_v110_clean_blocked_top5_or_positive_w0.7,0.97968128,0.91707604,0.21917808,0.52054795,22,0.99910799,0.00067354,185,0.01114442,0.99946990,v110_clean,blocked,top5_or_positive,0.7,47158son13;47158son22;47158son23
v130_v110_clean_same_positive_w0.9,0.97968128,0.91769415,0.21917808,0.52054795,22,0.99875127,0.00077595,179,0.01114442,0.99946990,v110_clean,same_row,positive,0.9,47158son13;47158son22;47158son23
v130_v114_clean_selfblend_same_positive_w0.7,0.97966484,0.91807345,0.23287671,0.52054795,22,0.99924193,0.00060337,179,0.01114442,0.99946620,v114_clean_selfblend,same_row,positive,0.7,47158son13;47158son22;47158son23
v130_v114_clean_selfblend_same_top5_or_positive_w0.7,0.97966484,0.91744188,0.23287671,0.52054795,22,0.99923552,0.00061649,190,0.01114442,0.99946620,v114_clean_selfblend,same_row,top5_or_positive,0.7,47158son13;47158son22;47158son23
v130_v110_clean_blocked_top5_or_positive_w0.9,0.97963911,0.91744941,0.21917808,0.52054795,22,0.99852574,0.00086597,185,0.01114442,0.99946990,v110_clean,blocked,top5_or_positive,0.9,47158son13;47158son22;47158son23
v130_v110_clean_same_top5_or_positive_w0.9,0.97961803,0.91680956,0.21917808,0.52054795,22,0.99874065,0.00079282,190,0.01114442,0.99946990,v110_clean,same_row,top5_or_positive,0.9,47158son13;47158son22;47158son23
v130_v110_clean_blocked_positive_w0.5,0.97959695,0.91701610,0.21917808,0.52054795,22,0.99954894,0.00047192,176,0.01114442,0.99946990,v110_clean,blocked,positive,0.5,47158son13;47158son22;47158son23
v130_v110_clean_blocked_top5_or_positive_w0.5,0.97959695,0.91658542,0.21917808,0.52054795,22,0.99954490,0.00048110,185,0.01114442,0.99946990,v110_clean,blocked,top5_or_positive,0.5,47158son13;47158son22;47158son23
v130_v114_clean_selfblend_blocked_full_w0.2,0.97958051,0.91615717,0.23287671,0.52054795,22,0.99983354,0.00038909,360,0.01114442,0.99946620,v114_clean_selfblend,blocked,full,0.2,47158son13;47158son22;47158son23
v130_v110_clean_same_positive_w0.7,0.97957587,0.91717223,0.21917808,0.52054795,22,0.99924447,0.00060352,180,0.01114442,0.99946990,v110_clean,same_row,positive,0.7,47158son13;47158son22;47158son23
v130_v110_clean_same_top5_or_positive_w0.7,0.97957587,0.91653261,0.21917808,0.52054795,22,0.99923808,0.00061664,191,0.01114442,0.99946990,v110_clean,same_row,top5_or_positive,0.7,47158son13;47158son22;47158son23
v130_v114_clean_selfblend_same_positive_w0.5,0.97955943,0.91747985,0.23287671,0.52054795,22,0.99961324,0.00043098,180,0.01114442,0.99946620,v114_clean_selfblend,same_row,positive,0.5,47158son13;47158son22;47158son23
v130_v114_clean_selfblend_same_top5_or_positive_w0.5,0.97955943,0.91706908,0.23287671,0.52054795,22,0.99960999,0.00044035,191,0.01114442,0.99946620,v114_clean_selfblend,same_row,top5_or_positive,0.5,47158son13;47158son22;47158son23
v130_v114_clean_selfblend_blocked_positive_w0.35,0.97953834,0.91731290,0.23287671,0.52054795,22,0.99977824,0.00033028,176,0.01114442,0.99946620,v114_clean_selfblend,blocked,positive,0.35,47158son13;47158son22;47158son23
v130_v114_clean_selfblend_blocked_top5_or_positive_w0.35,0.97953834,0.91705286,0.23287671,0.52054795,22,0.99977626,0.00033671,185,0.01114442,0.99946620,v114_clean_selfblend,blocked,top5_or_positive,0.35,47158son13;47158son22;47158son23
v130_v114_clean_selfblend_same_full_w0.2,0.97951726,0.91615958,0.23287671,0.52054795,22,0.99986268,0.00034478,360,0.01114442,0.99946620,v114_clean_selfblend,same_row,full,0.2,47158son13;47158son22;47158son23
v130_v114_clean_selfblend_same_positive_w0.35,0.97951726,0.91697968,0.23287671,0.52054795,22,0.99981051,0.00030168,180,0.01114442,0.99946620,v114_clean_selfblend,same_row,positive,0.35,47158son13;47158son22;47158son23
v130_v114_clean_selfblend_same_top5_or_positive_w0.35,0.97951726,0.91671665,0.23287671,0.52054795,22,0.99980893,0.00030824,191,0.01114442,0.99946620,v114_clean_selfblend,same_row,top5_or_positive,0.35,47158son13;47158son22;47158son23
v130_v110_clean_blocked_full_w0.2,0.97949153,0.91523064,0.21917808,0.52054795,22,0.99983411,0.00038915,360,0.01114442,0.99946990,v110_clean,blocked,full,0.2,47158son13;47158son22;47158son23
v130_v110_clean_same_positive_w0.5,0.97947045,0.91657749,0.21917808,0.52054795,22,0.99961453,0.00043109,181,0.01114442,0.99946990,v110_clean,same_row,positive,0.5,47158son13;47158son22;47158son23
v130_v110_clean_same_top5_or_positive_w0.5,0.97947045,0.91615832,0.21917808,0.52054795,22,0.99961129,0.00044046,192,0.01114442,0.99946990,v110_clean,same_row,top5_or_positive,0.5,47158son13;47158son22;47158son23
v130_v110_clean_blocked_positive_w0.35,0.97944937,0.91639891,0.21917808,0.52054795,22,0.99977901,0.00033034,176,0.01114442,0.99946990,v110_clean,blocked,positive,0.35,47158son13;47158son22;47158son23
v130_v110_clean_blocked_top5_or_positive_w0.35,0.97944937,0.91613335,0.21917808,0.52054795,22,0.99977704,0.00033677,185,0.01114442,0.99946990,v110_clean,blocked,top5_or_positive,0.35,47158son13;47158son22;47158son23
v130_v110_clean_same_full_w0.2,0.97942829,0.91523663,0.21917808,0.52054795,22,0.99986314,0.00034487,360,0.01114442,0.99946990,v110_clean,same_row,full,0.2,47158son13;47158son22;47158son23
v130_v110_clean_same_positive_w0.35,0.97942829,0.91606903,0.21917808,0.52054795,22,0.99981115,0.00030176,182,0.01114442,0.99946990,v110_clean,same_row,positive,0.35,47158son13;47158son22;47158son23
v130_v110_clean_same_top5_or_positive_w0.35,0.97942829,0.91580060,0.21917808,0.52054795,22,0.99980957,0.00030832,193,0.01114442,0.99946990,v110_clean,same_row,top5_or_positive,0.35,47158son13;47158son22;47158son23
v130_v114_clean_selfblend_blocked_positive_w0.2,0.97939076,0.91663968,0.23287671,0.52054795,22,0.99992761,0.00018873,176,0.01114442,0.99946620,v114_clean_selfblend,blocked,positive,0.2,47158son13;47158son22;47158son23
v130_v114_clean_selfblend_blocked_top5_or_positive_w0.2,0.97939076,0.91650528,0.23287671,0.52054795,22,0.99992696,0.00019240,185,0.01114442,0.99946620,v114_clean_selfblend,blocked,top5_or_positive,0.2,47158son13;47158son22;47158son23
v130_v114_clean_selfblend_same_positive_w0.2,0.97936968,0.91644154,0.23287671,0.52054795,22,0.99993814,0.00017239,179,0.01114442,0.99946620,v114_clean_selfblend,same_row,positive,0.2,47158son13;47158son22;47158son23
v130_v114_clean_selfblend_same_top5_or_positive_w0.2,0.97936968,0.91629691,0.23287671,0.52054795,22,0.99993763,0.00017614,190,0.01114442,0.99946620,v114_clean_selfblend,same_row,top5_or_positive,0.2,47158son13;47158son22;47158son23
v130_v110_clean_blocked_positive_w0.2,0.97930179,0.91572581,0.21917808,0.52054795,22,0.99992786,0.00018877,176,0.01114442,0.99946990,v110_clean,blocked,positive,0.2,47158son13;47158son22;47158son23
v130_v110_clean_blocked_top5_or_positive_w0.2,0.97930179,0.91558635,0.21917808,0.52054795,22,0.99992722,0.00019244,185,0.01114442,0.99946990,v110_clean,blocked,top5_or_positive,0.2,47158son13;47158son22;47158son23
v130_v110_clean_same_positive_w0.2,0.97928071,0.91553250,0.21917808,0.52054795,22,0.99993835,0.00017243,179,0.01114442,0.99946990,v110_clean,same_row,positive,0.2,47158son13;47158son22;47158son23
v130_v110_clean_same_top5_or_positive_w0.2,0.97928071,0.91538247,0.21917808,0.52054795,22,0.99993784,0.00017618,190,0.01114442,0.99946990,v110_clean,same_row,top5_or_positive,0.2,47158son13;47158son22;47158son23
v114_clean_selfblend_baseline,0.97920102,0.91572402,0.23287671,0.52054795,22,1.00000000,0.00000000,0,0.01114442,0.99946620,v114_clean_selfblend,baseline,,,47158son13;47158son22;47158son23
v110_clean_baseline,0.97911204,0.91481637,0.21917808,0.52054795,22,1.00000000,0.00000000,0,0.01114442,0.99946990,v110_clean,baseline,,,47158son13;47158son22;47158son23
