candidate,family,evidence_type,submit_window,macro_proxy,micro_proxy,top1_proxy,top5_proxy,stability_signal,compliance_state,anchor_score,delta_vs_anchor,evidence_level,non_positive_streak,same_family_recent_fail_count,runtime_status,error_type,slot_pressure,real_score,collapse_risk,notes
v134_stable3_guarded_rescue,clean_router_component,blocked_top5aware_guarded,next_day_or_later,0.97979134,0.91924338,0.23287671,0.52054795,blocked stable3 with positive rescue and top-hit guard,HOLD-clean guarded component,0.949,,blocked_top5aware_guarded,5,0,blocked_local_only,,5,,low_to_medium,same macro as v131 with slightly stronger anti-collapse guard and higher micro
v131_stable3_top5aware,clean_router_component,blocked_top5aware,next_day_or_later,0.97979134,0.91861043,0.23287671,0.52054795,blocked top5-aware stable3 on v110/v114,HOLD-clean component,0.949,,blocked_top5aware,5,0,blocked_local_only,,5,,low_to_medium,stable3 component confirmed after v127 fallout
v129_blocked_clean_router,clean_router_grouped,blocked_grouped,next_day_or_later,0.97970207,0.91617178,0.24657534,0.52054795,leave-one-soundscape-out gain with stable v112 triad,HOLD-clean grouped evidence,0.949,,blocked_grouped,5,0,blocked_local_only,,5,,low_to_medium,grouped validation positive but weaker than v131
v103_guarded_macro_rescue,original_macro_rescue,same_row_high_proxy,local_only_until_compliance_clear,0.98906455,0.92885549,0.38356164,0.71232877,strongest proxy but no real-score proof,HOLD-for-real-submit unknown-license,0.949,,same_row_high_proxy,5,0,runmode_only,unknown_license,5,,high,mechanism-rich evidence not today's slot5
v102_original_macro_rescue,original_macro_rescue,same_row_high_proxy,local_only_until_compliance_clear,0.98897867,0.92916937,0.38356164,0.69863014,strong proxy but weaker guard than v103,HOLD mixed proxy,0.949,,same_row_high_proxy,5,0,runmode_only,,5,,high,mechanism base not immediate submit
v126_min10_w0.7_rankcal,clean_router_broad,same_row_support10,local_only_until_extra_screen,0.98021860,0.91700965,0.23287671,0.52054795,support>=10 macro gain without grouped proof,PLAN-MATERIALIZE only,0.949,,same_row_support10,5,2,runmode_only,,5,,medium_to_high,same family as v127; do not submit without stronger anti-collapse screen
v127_memorysafe_nontsubasa_router,clean_router_broad,real_submit,retired,0.98008089,0.91595668,0.20547945,0.52054795,real score invalidated same-family trust,REJECT-score,0.949,-0.066,real_submit,5,2,public_lb_complete,public_score_collapse,5,0.883,very_high,real-score collapse; do not retry near-neighbor blindly
v105_rankrestored_perch,license_clean_perch_only,same_row_clean_fallback,do_not_submit,0.97751210,0.81765567,0.00000000,0.08219178,small micro recovery but top5 still collapsed,REJECT,0.949,,same_row_clean_fallback,5,0,runmode_only,top5_collapse,5,,very_high,retired
v104_perch_only_guarded,license_clean_perch_only,same_row_clean_fallback,do_not_submit,0.97751210,0.78763929,0.00000000,0.08219178,license-clean but ranking collapse,REJECT,0.949,,same_row_clean_fallback,5,0,runmode_only,top5_collapse,5,,very_high,retired
