candidate,blend,min_delta,min_prior_rank,delta_scale,active_cells,macro_auc,macro_gain,micro_auc,top1_hit,top5_hit,fold_std,fold_std_delta,fold_min,weak_followup_auc,weak_followup_gain,corr_vs_anchor
blend1_delta0_pr0_scale1.25,1.0,0.0,0.0,1.25,323,0.980281813652357,0.0029182569766682542,0.9158379329774201,0.273972602739726,0.5068493150684932,0.15441704015998192,-0.0008302581915264617,0.4743265993265993,0.959014980548594,0.009171664783814482,0.9998365047552008
blend1_delta0.0025_pr0_scale1.25,1.0,0.0025,0.0,1.25,285,0.980281813652357,0.0029182569766682542,0.9157952454881567,0.273972602739726,0.5068493150684932,0.15441704015998192,-0.0008302581915264617,0.4743265993265993,0.959014980548594,0.009171664783814482,0.9998365251292077
blend1_delta0_pr0.25_scale1.25,1.0,0.0,0.25,1.25,276,0.980281813652357,0.0029182569766682542,0.9158385082805099,0.273972602739726,0.5068493150684932,0.15441704015998192,-0.0008302581915264617,0.4743265993265993,0.959014980548594,0.009171664783814482,0.9998405042085161
blend1_delta0.0025_pr0.25_scale1.25,1.0,0.0025,0.25,1.25,243,0.980281813652357,0.0029182569766682542,0.9157958207912466,0.273972602739726,0.5068493150684932,0.15441704015998192,-0.0008302581915264617,0.4743265993265993,0.959014980548594,0.009171664783814482,0.9998405229760843
blend1_delta0_pr0.5_scale1.25,1.0,0.0,0.5,1.25,197,0.980281813652357,0.0029182569766682542,0.9158401191291614,0.273972602739726,0.5068493150684932,0.15441704015998192,-0.0008302581915264617,0.4743265993265993,0.959014980548594,0.009171664783814482,0.9998574716089959
blend1_delta0.0025_pr0.5_scale1.25,1.0,0.0025,0.5,1.25,174,0.980281813652357,0.0029182569766682542,0.9157970864580441,0.273972602739726,0.5068493150684932,0.15441704015998192,-0.0008302581915264617,0.4743265993265993,0.959014980548594,0.009171664783814482,0.9998574860357868
blend1_delta0.005_pr0_scale1.25,1.0,0.005,0.0,1.25,253,0.9802243786718875,0.002860821996198748,0.9157201684349374,0.273972602739726,0.5068493150684932,0.15441704015998192,-0.0008302581915264617,0.4743265993265993,0.9588344706099752,0.008991154845195637,0.9998366437954143
blend1_delta0.005_pr0.25_scale1.25,1.0,0.005,0.25,1.25,215,0.9802243786718875,0.002860821996198748,0.9157207437380273,0.273972602739726,0.5068493150684932,0.15441704015998192,-0.0008302581915264617,0.4743265993265993,0.9588344706099752,0.008991154845195637,0.9998406272232573
blend1_delta0.01_pr0_scale1.25,1.0,0.01,0.0,1.25,198,0.9802243786718875,0.002860821996198748,0.9154937291387908,0.273972602739726,0.5068493150684932,0.15441704015998192,-0.0008302581915264617,0.4743265993265993,0.9588344706099752,0.008991154845195637,0.9998374969320114
blend1_delta0.01_pr0.25_scale1.25,1.0,0.01,0.25,1.25,172,0.9802243786718875,0.002860821996198748,0.9154941893812627,0.273972602739726,0.5068493150684932,0.15441704015998192,-0.0008302581915264617,0.4743265993265993,0.9588344706099752,0.008991154845195637,0.9998412822965518
blend1_delta0.005_pr0.5_scale1.25,1.0,0.005,0.5,1.25,156,0.9802243786718875,0.002860821996198748,0.915721319041117,0.273972602739726,0.5068493150684932,0.15441704015998192,-0.0008302581915264617,0.4743265993265993,0.9588344706099752,0.008991154845195637,0.9998575516202988
blend1_delta0.01_pr0.5_scale1.25,1.0,0.01,0.5,1.25,129,0.9802243786718875,0.002860821996198748,0.9154947646843525,0.273972602739726,0.5068493150684932,0.15441704015998192,-0.0008302581915264617,0.4743265993265993,0.9588344706099752,0.008991154845195637,0.9998579977188725
blend1_delta0_pr0.7_scale1.25,1.0,0.0,0.7,1.25,113,0.9801837808440439,0.0028202241683551454,0.915039987591863,0.273972602739726,0.5068493150684932,0.1533664525129793,-0.0018808458385290716,0.4743265993265993,0.9587068774367526,0.008863561671973108,0.9999444574173398
blend1_delta0.0025_pr0.7_scale1.25,1.0,0.0025,0.7,1.25,98,0.9801837808440439,0.0028202241683551454,0.9150008669817563,0.273972602739726,0.5068493150684932,0.1533664525129793,-0.0018808458385290716,0.4743265993265993,0.9587068774367526,0.008863561671973108,0.9999444686761522
blend1_delta0.005_pr0.7_scale1.25,1.0,0.005,0.7,1.25,87,0.9800936682608032,0.002730111585114492,0.9149279185499692,0.273972602739726,0.5068493150684932,0.1533664525129793,-0.0018808458385290716,0.4743265993265993,0.9584236664608533,0.008580350696073769,0.9999445100741634
blend1_delta0.01_pr0.7_scale1.25,1.0,0.01,0.7,1.25,70,0.9800936682608032,0.002730111585114492,0.9147857036261698,0.273972602739726,0.5068493150684932,0.1533664525129793,-0.0018808458385290716,0.4743265993265993,0.9584236664608533,0.008580350696073769,0.9999447719325225
blend0.85_delta0_pr0_scale1.25,0.85,0.0,0.0,1.25,323,0.9799450872946025,0.002581530618913752,0.9153898869310814,0.273972602739726,0.5068493150684932,0.1552277876632056,-1.9510688302776247e-05,0.4743265993265993,0.9579566977099373,0.00811338194515776,0.9998818942742955
blend0.85_delta0.0025_pr0_scale1.25,0.85,0.0025,0.0,1.25,285,0.9799450872946025,0.002581530618913752,0.9153531825939519,0.273972602739726,0.5068493150684932,0.1552277876632056,-1.9510688302776247e-05,0.4743265993265993,0.9579566977099373,0.00811338194515776,0.9998819091892008
blend0.85_delta0_pr0.25_scale1.25,0.85,0.0,0.25,1.25,276,0.9799450872946025,0.002581530618913752,0.915390692355407,0.273972602739726,0.5068493150684932,0.1552277876632056,-1.9510688302776247e-05,0.4743265993265993,0.9579566977099373,0.00811338194515776,0.9998847809222117
blend0.85_delta0.0025_pr0.25_scale1.25,0.85,0.0025,0.25,1.25,243,0.9799450872946025,0.002581530618913752,0.9153539880182776,0.273972602739726,0.5068493150684932,0.1552277876632056,-1.9510688302776247e-05,0.4743265993265993,0.9579566977099373,0.00811338194515776,0.9998847946811188
blend0.85_delta0_pr0.5_scale1.25,0.85,0.0,0.5,1.25,197,0.9799450872946025,0.002581530618913752,0.9153925333252945,0.273972602739726,0.5068493150684932,0.1552277876632056,-1.9510688302776247e-05,0.4743265993265993,0.9579566977099373,0.00811338194515776,0.9998970317332405
blend0.85_delta0.0025_pr0.5_scale1.25,0.85,0.0025,0.5,1.25,174,0.9799450872946025,0.002581530618913752,0.915355483806311,0.273972602739726,0.5068493150684932,0.1552277876632056,-1.9510688302776247e-05,0.4743265993265993,0.9579566977099373,0.00811338194515776,0.9998970423255168
blend0.85_delta0_pr0.7_scale1.25,0.85,0.0,0.7,1.25,113,0.9799124096918316,0.002548853016142827,0.9147109142244955,0.273972602739726,0.5068493150684932,0.15407149902942466,-0.001175799322083726,0.4743265993265993,0.9578539966726568,0.008010680907877266,0.9999598699876576
blend0.85_delta0.0025_pr0.7_scale1.25,0.85,0.0025,0.7,1.25,98,0.9799124096918316,0.002548853016142827,0.9146780068877587,0.273972602739726,0.5068493150684932,0.15407149902942466,-0.001175799322083726,0.4743265993265993,0.9578539966726568,0.008010680907877266,0.9999598781706052
blend0.85_delta0.005_pr0_scale1.25,0.85,0.005,0.0,1.25,253,0.979854974711362,0.0024914180356732096,0.9152900718450004,0.273972602739726,0.5068493150684932,0.1552277876632056,-1.9510688302776247e-05,0.4743265993265993,0.957673486734038,0.007830170969258421,0.9998819950090979
blend0.85_delta0.005_pr0.25_scale1.25,0.85,0.005,0.25,1.25,215,0.979854974711362,0.0024914180356732096,0.9152908772693262,0.273972602739726,0.5068493150684932,0.1552277876632056,-1.9510688302776247e-05,0.4743265993265993,0.957673486734038,0.007830170969258421,0.9998848701522695
blend0.85_delta0.005_pr0.5_scale1.25,0.85,0.005,0.5,1.25,156,0.979854974711362,0.0024914180356732096,0.9152919128148879,0.273972602739726,0.5068493150684932,0.1552277876632056,-1.9510688302776247e-05,0.4743265993265993,0.957673486734038,0.007830170969258421,0.999897089892679
blend0.85_delta0.01_pr0_scale1.25,0.85,0.01,0.0,1.25,198,0.9798322474386348,0.002468690762946091,0.9150984959160959,0.273972602739726,0.5068493150684932,0.1552277876632056,-1.9510688302776247e-05,0.4743265993265993,0.9576020581626095,0.007758742397829921,0.9998826115097884
blend0.85_delta0.01_pr0.25_scale1.25,0.85,0.01,0.25,1.25,172,0.9798322474386348,0.002468690762946091,0.9150991862798037,0.273972602739726,0.5068493150684932,0.1552277876632056,-1.9510688302776247e-05,0.4743265993265993,0.9576020581626095,0.007758742397829921,0.9998853437824926
blend0.85_delta0.01_pr0.5_scale1.25,0.85,0.01,0.5,1.25,129,0.9798322474386348,0.002468690762946091,0.9150996465222756,0.273972602739726,0.5068493150684932,0.1552277876632056,-1.9510688302776247e-05,0.4743265993265993,0.9576020581626095,0.007758742397829921,0.999897412783204
blend0.85_delta0.005_pr0.7_scale1.25,0.85,0.005,0.7,1.25,87,0.9798222971085909,0.0024587404329021734,0.9146169096996216,0.273972602739726,0.5068493150684932,0.15407149902942466,-0.001175799322083726,0.4743265993265993,0.9575707856967576,0.007727469931978037,0.9999599081618276
blend0.85_delta0.01_pr0.7_scale1.25,0.85,0.01,0.7,1.25,70,0.9797995698358637,0.0024360131601749435,0.9144956358082911,0.273972602739726,0.5068493150684932,0.15407149902942466,-0.001175799322083726,0.4743265993265993,0.957499357125329,0.007656041360549426,0.9999600975651161
blend1_delta0_pr0_scale1,1.0,0.0,0.0,1.0,323,0.9797490216779763,0.0023854650022875346,0.9152382370366092,0.273972602739726,0.5068493150684932,0.1562076577878017,0.0009603594362933288,0.4743265993265993,0.9573404914862544,0.007497175721474902,0.9998953864350134
blend1_delta0.0025_pr0_scale1,1.0,0.0025,0.0,1.0,278,0.9797490216779763,0.0023854650022875346,0.9151849639704934,0.273972602739726,0.5068493150684932,0.1562076577878017,0.0009603594362933288,0.4743265993265993,0.9573404914862544,0.007497175721474902,0.9998954087136734
blend1_delta0_pr0.25_scale1,1.0,0.0,0.25,1.0,276,0.9797490216779763,0.0023854650022875346,0.915238812339699,0.273972602739726,0.5068493150684932,0.1562076577878017,0.0009603594362933288,0.4743265993265993,0.9573404914862544,0.007497175721474902,0.999897942580368
blend1_delta0.0025_pr0.25_scale1,1.0,0.0025,0.25,1.0,237,0.9797490216779763,0.0023854650022875346,0.9151855392735831,0.273972602739726,0.5068493150684932,0.1562076577878017,0.0009603594362933288,0.4743265993265993,0.9573404914862544,0.007497175721474902,0.9998979627853242
blend1_delta0_pr0.5_scale1,1.0,0.0,0.5,1.0,197,0.9797490216779763,0.0023854650022875346,0.9152398478852606,0.273972602739726,0.5068493150684932,0.1562076577878017,0.0009603594362933288,0.4743265993265993,0.9573404914862544,0.007497175721474902,0.999908792058824
blend1_delta0.0025_pr0.5_scale1,1.0,0.0025,0.5,1.0,169,0.9797490216779763,0.0023854650022875346,0.915186229637291,0.273972602739726,0.5068493150684932,0.1562076577878017,0.0009603594362933288,0.4743265993265993,0.9573404914862544,0.007497175721474902,0.9999088083931543
blend1_delta0_pr0.7_scale1,1.0,0.0,0.7,1.0,113,0.9797163440752051,0.0023527873995163873,0.9145978096370402,0.273972602739726,0.5068493150684932,0.15524729835150838,0.0,0.4743265993265993,0.957237790448974,0.0073944746841944076,0.9999644521904563
blend1_delta0.0025_pr0.7_scale1,1.0,0.0025,0.7,1.0,94,0.9797163440752051,0.0023527873995163873,0.914548333571317,0.273972602739726,0.5068493150684932,0.15524729835150838,0.0,0.4743265993265993,0.957237790448974,0.0073944746841944076,0.9999644651686462
blend1_delta0.01_pr0_scale1,1.0,0.01,0.0,1.0,172,0.9796609391997069,0.002297382524018121,0.9148929976524182,0.273972602739726,0.5068493150684932,0.1562076577878017,0.0009603594362933288,0.4743265993265993,0.957063660840265,0.007220345075485413,0.9998966184245682
blend1_delta0.01_pr0.25_scale1,1.0,0.01,0.25,1.0,152,0.9796609391997069,0.002297382524018121,0.914893342834272,0.273972602739726,0.5068493150684932,0.1562076577878017,0.0009603594362933288,0.4743265993265993,0.957063660840265,0.007220345075485413,0.9998989081649772
blend1_delta0.01_pr0.5_scale1,1.0,0.01,0.5,1.0,116,0.9796609391997069,0.002297382524018121,0.914893688016126,0.273972602739726,0.5068493150684932,0.1562076577878017,0.0009603594362933288,0.4743265993265993,0.957063660840265,0.007220345075485413,0.9999094310720503
blend1_delta0.005_pr0_scale1,1.0,0.005,0.0,1.0,232,0.9796361818220084,0.002272625146319651,0.91506892533728,0.273972602739726,0.5068493150684932,0.1562076577878017,0.0009603594362933288,0.4743265993265993,0.9569858519389266,0.007142536174147063,0.9998955933770655
blend1_delta0.005_pr0.25_scale1,1.0,0.005,0.25,1.0,196,0.9796361818220084,0.002272625146319651,0.9150695006403698,0.273972602739726,0.5068493150684932,0.1562076577878017,0.0009603594362933288,0.4743265993265993,0.9569858519389266,0.007142536174147063,0.999898127093103
blend1_delta0.005_pr0.5_scale1,1.0,0.005,0.5,1.0,144,0.9796361818220084,0.002272625146319651,0.9150699608828418,0.273972602739726,0.5068493150684932,0.1562076577878017,0.0009603594362933288,0.4743265993265993,0.9569858519389266,0.007142536174147063,0.9999089085938313
blend1_delta0.01_pr0.7_scale1,1.0,0.01,0.7,1.0,62,0.9796282615969357,0.002264704921246974,0.9143481280960655,0.273972602739726,0.5068493150684932,0.15524729835150838,0.0,0.4743265993265993,0.9569609598029845,0.007117644038204918,0.9999648409167177
blend1_delta0.005_pr0.7_scale1,1.0,0.005,0.7,1.0,78,0.9796035042192373,0.002239947543548504,0.9144341934383,0.273972602739726,0.5068493150684932,0.15524729835150838,0.0,0.4743265993265993,0.9568831509016461,0.007039835136866568,0.9999645359545571
blend0.7_delta0_pr0.7_scale1.25,0.7,0.0,0.7,1.25,113,0.9793895680474946,0.0020260113718058026,0.9143702197347139,0.273972602739726,0.5068493150684932,0.1568832663263381,0.0016359679748297051,0.4743265993265993,0.9562107800761692,0.006367464311389681,0.999972783563249
blend0.7_delta0.0025_pr0.7_scale1.25,0.7,0.0025,0.7,1.25,98,0.9793895680474946,0.0020260113718058026,0.9143432955501112,0.273972602739726,0.5068493150684932,0.1568832663263381,0.0016359679748297051,0.4743265993265993,0.9562107800761692,0.006367464311389681,0.9999727891457515
blend0.7_delta0.005_pr0.7_scale1.25,0.7,0.005,0.7,1.25,87,0.9793568904447234,0.0019933337690346553,0.9142950851511856,0.273972602739726,0.5068493150684932,0.1568832663263381,0.0016359679748297051,0.4743265993265993,0.9561080790388887,0.006264763274109186,0.9999728095407114
blend0.7_delta0.01_pr0.7_scale1.25,0.7,0.01,0.7,1.25,70,0.9793341631719962,0.0019706064963074255,0.9141976288077729,0.273972602739726,0.5068493150684932,0.1568832663263381,0.0016359679748297051,0.4743265993265993,0.9560366504674602,0.006193334702680686,0.9999729381360436
blend0.85_delta0_pr0.7_scale1,0.85,0.0,0.7,1.0,113,0.9792915352391813,0.0019279785634925828,0.9143285677910121,0.273972602739726,0.5068493150684932,0.1568832663263381,0.0016359679748297051,0.4743265993265993,0.9559026769643278,0.006059361199548308,0.9999743165484619
blend0.85_delta0.0025_pr0.7_scale1,0.85,0.0025,0.7,1.0,94,0.9792915352391813,0.0019279785634925828,0.9142861104229847,0.273972602739726,0.5068493150684932,0.1568832663263381,0.0016359679748297051,0.4743265993265993,0.9559026769643278,0.006059361199548308,0.9999743259633325
blend0.7_delta0_pr0_scale1.25,0.7,0.0,0.0,1.25,323,0.9792915352391813,0.0019279785634925828,0.9149332113383954,0.273972602739726,0.5068493150684932,0.15785177301837225,0.002604474666863865,0.4743265993265993,0.9559026769643278,0.006059361199548308,0.9999199147813391
blend0.7_delta0.0025_pr0_scale1.25,0.7,0.0025,0.0,1.25,285,0.9792915352391813,0.0019279785634925828,0.9149027202746359,0.273972602739726,0.5068493150684932,0.15785177301837225,0.002604474666863865,0.4743265993265993,0.9559026769643278,0.006059361199548308,0.9999199250283927
blend0.7_delta0_pr0.25_scale1.25,0.7,0.0,0.25,1.25,276,0.9792915352391813,0.0019279785634925828,0.9149334414596314,0.273972602739726,0.5068493150684932,0.15785177301837225,0.002604474666863865,0.4743265993265993,0.9559026769643278,0.006059361199548308,0.99992187046052
blend0.7_delta0.0025_pr0.25_scale1.25,0.7,0.0025,0.25,1.25,243,0.9792915352391813,0.0019279785634925828,0.9149029503958718,0.273972602739726,0.5068493150684932,0.15785177301837225,0.002604474666863865,0.4743265993265993,0.9559026769643278,0.006059361199548308,0.9999218799267597
blend0.7_delta0_pr0.5_scale1.25,0.7,0.0,0.5,1.25,197,0.9792915352391813,0.0019279785634925828,0.914934477005193,0.273972602739726,0.5068493150684932,0.15785177301837225,0.002604474666863865,0.4743265993265993,0.9559026769643278,0.006059361199548308,0.9999301732833944
blend0.7_delta0.0025_pr0.5_scale1.25,0.7,0.0025,0.5,1.25,174,0.9792915352391813,0.0019279785634925828,0.9149036407595795,0.273972602739726,0.5068493150684932,0.15785177301837225,0.002604474666863865,0.4743265993265993,0.9559026769643278,0.006059361199548308,0.9999301805814823
blend0.85_delta0.005_pr0.7_scale1,0.85,0.005,0.7,1.0,78,0.9792361303636831,0.0018725736879943167,0.9141914155344031,0.273972602739726,0.5068493150684932,0.1568832663263381,0.0016359679748297051,0.4743265993265993,0.9557285473556189,0.005885231590839313,0.9999743771883209
blend0.85_delta0.01_pr0.7_scale1,0.85,0.01,0.7,1.0,62,0.9792361303636831,0.0018725736879943167,0.914118697223852,0.273972602739726,0.5068493150684932,0.1568832663263381,0.0016359679748297051,0.4743265993265993,0.9557285473556189,0.005885231590839313,0.9999745976664122
blend0.7_delta0.005_pr0_scale1.25,0.7,0.005,0.0,1.25,253,0.9792261800336391,0.0018626233579503992,0.9148522661936601,0.273972602739726,0.5068493150684932,0.15785177301837225,0.002604474666863865,0.4743265993265993,0.9556972748897667,0.005853959124987207,0.9999199832868642
blend0.7_delta0.005_pr0.25_scale1.25,0.7,0.005,0.25,1.25,215,0.9792261800336391,0.0018626233579503992,0.914852611375514,0.273972602739726,0.5068493150684932,0.15785177301837225,0.002604474666863865,0.4743265993265993,0.9556972748897667,0.005853959124987207,0.999921931213674
blend0.7_delta0.005_pr0.5_scale1.25,0.7,0.005,0.5,1.25,156,0.9792261800336391,0.0018626233579503992,0.9148529565573679,0.273972602739726,0.5068493150684932,0.15785177301837225,0.002604474666863865,0.4743265993265993,0.9556972748897667,0.005853959124987207,0.9999302129645891
blend0.7_delta0.01_pr0_scale1.25,0.7,0.01,0.0,1.25,198,0.9792034527609119,0.0018398960852231694,0.9146957837532337,0.273972602739726,0.5068493150684932,0.15785177301837225,0.002604474666863865,0.4743265993265993,0.9556258463183382,0.005782530553558707,0.999920401463069
blend0.7_delta0.01_pr0.25_scale1.25,0.7,0.01,0.25,1.25,172,0.9792034527609119,0.0018398960852231694,0.9146961289350876,0.273972602739726,0.5068493150684932,0.15785177301837225,0.002604474666863865,0.4743265993265993,0.9556258463183382,0.005782530553558707,0.9999222526534475
blend0.7_delta0.01_pr0.5_scale1.25,0.7,0.01,0.5,1.25,129,0.9792034527609119,0.0018398960852231694,0.9146964741169414,0.273972602739726,0.5068493150684932,0.15785177301837225,0.002604474666863865,0.4743265993265993,0.9556258463183382,0.005782530553558707,0.9999304323411434
blend1_delta0_pr0.7_scale0.75,1.0,0.0,0.7,0.75,113,0.9791935024308682,0.001829945755179474,0.9141467720146343,0.273972602739726,0.5068493150684932,0.15407149902942466,-0.001175799322083726,0.4743265993265993,0.9555945738524863,0.005751258087706712,0.9999800041772862
blend0.7_delta0_pr0.7_scale1,0.7,0.0,0.7,1.0,113,0.9791608248280972,0.0017972681524084377,0.9140562193082993,0.273972602739726,0.5068493150684932,0.15407149902942466,-0.001175799322083726,0.4743265993265993,0.9554918728152059,0.005648557050426328,0.9999825813992567
blend0.7_delta0.0025_pr0.7_scale1,0.7,0.0025,0.7,1.0,94,0.9791608248280972,0.0017972681524084377,0.9140227366684728,0.273972602739726,0.5068493150684932,0.15407149902942466,-0.001175799322083726,0.4743265993265993,0.9554918728152059,0.005648557050426328,0.9999825878102572
blend1_delta0.0025_pr0.7_scale0.75,1.0,0.0025,0.7,0.75,90,0.9791608248280972,0.0017972681524084377,0.9140960302821137,0.273972602739726,0.5068493150684932,0.15407149902942466,-0.001175799322083726,0.4743265993265993,0.9554918728152059,0.005648557050426328,0.9999800164577222
blend1_delta0.01_pr0.7_scale0.75,1.0,0.01,0.7,0.75,51,0.9791608248280972,0.0017972681524084377,0.9139333345683173,0.273972602739726,0.5068493150684932,0.15407149902942466,-0.001175799322083726,0.4743265993265993,0.9554918728152059,0.005648557050426328,0.9999804912506998
blend0.85_delta0_pr0_scale1,0.85,0.0,0.0,1.0,323,0.9791608248280972,0.0017972681524084377,0.9148732647564379,0.273972602739726,0.5068493150684932,0.15785177301837225,0.002604474666863865,0.4743265993265993,0.9554918728152059,0.005648557050426328,0.9999244275490855
blend0.85_delta0.0025_pr0_scale1,0.85,0.0025,0.0,1.0,278,0.9791608248280972,0.0017972681524084377,0.9148273555698716,0.273972602739726,0.5068493150684932,0.15785177301837225,0.002604474666863865,0.4743265993265993,0.9554918728152059,0.005648557050426328,0.9999244437805029
blend0.85_delta0_pr0.25_scale1,0.85,0.0,0.25,1.0,276,0.9791608248280972,0.0017972681524084377,0.9148734948776739,0.273972602739726,0.5068493150684932,0.15785177301837225,0.002604474666863865,0.4743265993265993,0.9554918728152059,0.005648557050426328,0.9999262728110474
blend0.85_delta0.0025_pr0.25_scale1,0.85,0.0025,0.25,1.0,237,0.9791608248280972,0.0017972681524084377,0.9148275856911076,0.273972602739726,0.5068493150684932,0.15785177301837225,0.002604474666863865,0.4743265993265993,0.9554918728152059,0.005648557050426328,0.9999262875508285
blend0.85_delta0_pr0.5_scale1,0.85,0.0,0.5,1.0,197,0.9791608248280972,0.0017972681524084377,0.9148747605444715,0.273972602739726,0.5068493150684932,0.15785177301837225,0.002604474666863865,0.4743265993265993,0.9554918728152059,0.005648557050426328,0.9999341072373753
blend0.85_delta0.0025_pr0.5_scale1,0.85,0.0025,0.5,1.0,169,0.9791608248280972,0.0017972681524084377,0.9148285061760513,0.273972602739726,0.5068493150684932,0.15785177301837225,0.002604474666863865,0.4743265993265993,0.9554918728152059,0.005648557050426328,0.9999341191577151
blend1_delta0.005_pr0.7_scale0.75,1.0,0.005,0.7,0.75,77,0.97913809755537,0.0017745408796812079,0.914027684275045,0.273972602739726,0.5068493150684932,0.15407149902942466,-0.001175799322083726,0.4743265993265993,0.9554204442437773,0.005577128478997717,0.9999800564930852
blend0.7_delta0.005_pr0.7_scale1,0.7,0.005,0.7,1.0,78,0.9791054199525988,0.0017418632769100606,0.913946106296911,0.273972602739726,0.5068493150684932,0.15407149902942466,-0.001175799322083726,0.4743265993265993,0.9553177432064969,0.005474427441717333,0.9999826226066405
blend0.7_delta0.01_pr0.7_scale1,0.7,0.01,0.7,1.0,62,0.9791054199525988,0.0017418632769100606,0.9138833982601223,0.273972602739726,0.5068493150684932,0.15407149902942466,-0.001175799322083726,0.4743265993265993,0.9553177432064969,0.005474427441717333,0.9999827722312569
blend0.85_delta0.005_pr0_scale1,0.85,0.005,0.0,1.0,232,0.9790727423498278,0.0017091856741390243,0.9147305320598578,0.273972602739726,0.5068493150684932,0.15785177301837225,0.002604474666863865,0.4743265993265993,0.9552150421692164,0.0053717264044368385,0.9999245772864338
blend0.85_delta0.005_pr0.25_scale1,0.85,0.005,0.25,1.0,196,0.9790727423498278,0.0017091856741390243,0.9147308772417116,0.273972602739726,0.5068493150684932,0.15785177301837225,0.002604474666863865,0.4743265993265993,0.9552150421692164,0.0053717264044368385,0.9999264063820914
blend0.85_delta0.01_pr0_scale1,0.85,0.01,0.0,1.0,172,0.9790727423498278,0.0017091856741390243,0.9145823339839244,0.273972602739726,0.5068493150684932,0.15785177301837225,0.002604474666863865,0.4743265993265993,0.9552150421692164,0.0053717264044368385,0.9999253178833069
blend0.85_delta0.01_pr0.25_scale1,0.85,0.01,0.25,1.0,152,0.9790727423498278,0.0017091856741390243,0.9145825641051604,0.273972602739726,0.5068493150684932,0.15785177301837225,0.002604474666863865,0.4743265993265993,0.9552150421692164,0.0053717264044368385,0.9999269709115708
blend0.85_delta0.005_pr0.5_scale1,0.85,0.005,0.5,1.0,144,0.9790727423498278,0.0017091856741390243,0.9147314525448015,0.273972602739726,0.5068493150684932,0.15785177301837225,0.002604474666863865,0.4743265993265993,0.9552150421692164,0.0053717264044368385,0.9999341917383728
blend0.85_delta0.01_pr0.5_scale1,0.85,0.01,0.5,1.0,116,0.9790727423498278,0.0017091856741390243,0.9145827942263962,0.273972602739726,0.5068493150684932,0.15785177301837225,0.002604474666863865,0.4743265993265993,0.9552150421692164,0.0053717264044368385,0.9999345696425758
blend1_delta0_pr0_scale0.75,1.0,0.0,0.0,0.75,323,0.9790627920197839,0.001699235344095107,0.914627380215856,0.273972602739726,0.5068493150684932,0.155020712272807,-0.0002265860787013796,0.4743265993265993,0.9551837697033644,0.005340453938584844,0.9999411691780861
blend1_delta0_pr0.25_scale0.75,1.0,0.0,0.25,0.75,276,0.9790627920197839,0.001699235344095107,0.9146278404583279,0.273972602739726,0.5068493150684932,0.155020712272807,-0.0002265860787013796,0.4743265993265993,0.9551837697033644,0.005340453938584844,0.9999426049837259
blend1_delta0_pr0.5_scale0.75,1.0,0.0,0.5,0.75,197,0.9790627920197839,0.001699235344095107,0.9146289910645075,0.273972602739726,0.5068493150684932,0.155020712272807,-0.0002265860787013796,0.4743265993265993,0.9551837697033644,0.005340453938584844,0.9999487021636558
blend1_delta0.0025_pr0_scale0.75,1.0,0.0025,0.0,0.75,264,0.9790301144170129,0.0016665577413241817,0.9145711731039823,0.273972602739726,0.5068493150684932,0.155020712272807,-0.0002265860787013796,0.4743265993265993,0.955081068666084,0.00523775290130446,0.9999411982213462
blend1_delta0.0025_pr0.25_scale0.75,1.0,0.0025,0.25,0.75,224,0.9790301144170129,0.0016665577413241817,0.914571748407072,0.273972602739726,0.5068493150684932,0.155020712272807,-0.0002265860787013796,0.4743265993265993,0.955081068666084,0.00523775290130446,0.9999426321263581
blend1_delta0.0025_pr0.5_scale0.75,1.0,0.0025,0.5,0.75,161,0.9790301144170129,0.0016665577413241817,0.9145723237101618,0.273972602739726,0.5068493150684932,0.155020712272807,-0.0002265860787013796,0.4743265993265993,0.955081068666084,0.00523775290130446,0.9999487210172633
blend1_delta0.01_pr0_scale0.75,1.0,0.01,0.0,0.75,148,0.9790301144170129,0.0016665577413241817,0.9143424325954764,0.273972602739726,0.5068493150684932,0.155020712272807,-0.0002265860787013796,0.4743265993265993,0.955081068666084,0.00523775290130446,0.9999424070293615
blend1_delta0.01_pr0.25_scale0.75,1.0,0.01,0.25,0.75,134,0.9790301144170129,0.0016665577413241817,0.9143424325954764,0.273972602739726,0.5068493150684932,0.155020712272807,-0.0002265860787013796,0.4743265993265993,0.955081068666084,0.00523775290130446,0.9999435680904104
blend1_delta0.01_pr0.5_scale0.75,1.0,0.01,0.5,0.75,103,0.9790301144170129,0.0016665577413241817,0.9143425476560944,0.273972602739726,0.5068493150684932,0.155020712272807,-0.0002265860787013796,0.4743265993265993,0.955081068666084,0.00523775290130446,0.9999493766577259
blend1_delta0.005_pr0_scale0.75,1.0,0.005,0.0,0.75,216,0.9790073871442857,0.0016438304685969518,0.9144927017625331,0.273972602739726,0.5068493150684932,0.155020712272807,-0.0002265860787013796,0.4743265993265993,0.9550096400946554,0.005166324329875849,0.9999413674412332
blend1_delta0.005_pr0.25_scale0.75,1.0,0.005,0.25,0.75,186,0.9790073871442857,0.0016438304685969518,0.9144931620050049,0.273972602739726,0.5068493150684932,0.155020712272807,-0.0002265860787013796,0.4743265993265993,0.9550096400946554,0.005166324329875849,0.9999427599402018
blend1_delta0.005_pr0.5_scale0.75,1.0,0.005,0.5,0.75,141,0.9790073871442857,0.0016438304685969518,0.9144935071868587,0.273972602739726,0.5068493150684932,0.155020712272807,-0.0002265860787013796,0.4743265993265993,0.9550096400946554,0.005166324329875849,0.9999487832471747
blend0.85_delta0_pr0.7_scale0.75,0.85,0.0,0.7,0.75,113,0.9789647592114707,0.0016012025357819981,0.9139523195702808,0.273972602739726,0.5068493150684932,0.15407149902942466,-0.001175799322083726,0.4743265993265993,0.954875666591523,0.00503235082674347,0.9999855529910319
blend0.7_delta0_pr0_scale1,0.7,0.0,0.0,1.0,323,0.9789647592114707,0.0016012025357819981,0.9145055310214357,0.273972602739726,0.5068493150684932,0.155020712272807,-0.0002265860787013796,0.4743265993265993,0.954875666591523,0.00503235082674347,0.9999487544303441
blend0.7_delta0.0025_pr0_scale1,0.7,0.0025,0.0,1.0,278,0.9789647592114707,0.0016012025357819981,0.9144684815024523,0.273972602739726,0.5068493150684932,0.155020712272807,-0.0002265860787013796,0.4743265993265993,0.954875666591523,0.00503235082674347,0.9999487655299262
blend0.7_delta0_pr0.25_scale1,0.7,0.0,0.25,1.0,276,0.9789647592114707,0.0016012025357819981,0.9145058762032896,0.273972602739726,0.5068493150684932,0.155020712272807,-0.0002265860787013796,0.4743265993265993,0.954875666591523,0.00503235082674347,0.9999500048178996
blend0.7_delta0.0025_pr0.25_scale1,0.7,0.0025,0.25,1.0,237,0.9789647592114707,0.0016012025357819981,0.9144688266843062,0.273972602739726,0.5068493150684932,0.155020712272807,-0.0002265860787013796,0.4743265993265993,0.954875666591523,0.00503235082674347,0.9999500149103592
blend0.7_delta0_pr0.5_scale1,0.7,0.0,0.5,1.0,197,0.9789647592114707,0.0016012025357819981,0.9145067966882332,0.273972602739726,0.5068493150684932,0.155020712272807,-0.0002265860787013796,0.4743265993265993,0.954875666591523,0.00503235082674347,0.9999553151315741
blend0.7_delta0.0025_pr0.5_scale1,0.7,0.0025,0.5,1.0,169,0.9789647592114707,0.0016012025357819981,0.9144695170480139,0.273972602739726,0.5068493150684932,0.155020712272807,-0.0002265860787013796,0.4743265993265993,0.954875666591523,0.00503235082674347,0.9999553232964007
blend0.85_delta0.0025_pr0.7_scale0.75,0.85,0.0025,0.7,0.75,90,0.9789320816086996,0.0015685249330108508,0.9139095170203995,0.273972602739726,0.5068493150684932,0.15407149902942466,-0.001175799322083726,0.4743265993265993,0.9547729655542426,0.004929649789463086,0.999985561883398
blend0.85_delta0.005_pr0.7_scale0.75,0.85,0.005,0.7,0.75,77,0.9789320816086996,0.0015685249330108508,0.9138508361052395,0.273972602739726,0.5068493150684932,0.15407149902942466,-0.001175799322083726,0.4743265993265993,0.9547729655542426,0.004929649789463086,0.9999855908413009
blend0.85_delta0.01_pr0.7_scale0.75,0.85,0.01,0.7,0.75,51,0.9789320816086996,0.0015685249330108508,0.9137683376421617,0.273972602739726,0.5068493150684932,0.15407149902942466,-0.001175799322083726,0.4743265993265993,0.9547729655542426,0.004929649789463086,0.9999859050680945
blend0.7_delta0.005_pr0_scale1,0.7,0.005,0.0,1.0,232,0.9789093543359724,0.001545797660283621,0.9143900676913121,0.273972602739726,0.5068493150684932,0.155020712272807,-0.0002265860787013796,0.4743265993265993,0.954701536982814,0.004858221218034475,0.9999488561311869
blend0.7_delta0.005_pr0.25_scale1,0.7,0.005,0.25,1.0,196,0.9789093543359724,0.001545797660283621,0.914390527933784,0.273972602739726,0.5068493150684932,0.155020712272807,-0.0002265860787013796,0.4743265993265993,0.954701536982814,0.004858221218034475,0.9999500955812948
blend0.7_delta0.01_pr0_scale1,0.7,0.01,0.0,1.0,172,0.9789093543359724,0.001545797660283621,0.9142640763146452,0.273972602739726,0.5068493150684932,0.155020712272807,-0.0002265860787013796,0.4743265993265993,0.954701536982814,0.004858221218034475,0.9999493583974717
blend0.7_delta0.01_pr0.25_scale1,0.7,0.01,0.25,1.0,152,0.9789093543359724,0.001545797660283621,0.9142643064358812,0.273972602739726,0.5068493150684932,0.155020712272807,-0.0002265860787013796,0.4743265993265993,0.954701536982814,0.004858221218034475,0.9999504785793367
blend0.7_delta0.005_pr0.5_scale1,0.7,0.005,0.5,1.0,144,0.9789093543359724,0.001545797660283621,0.9143908731156378,0.273972602739726,0.5068493150684932,0.155020712272807,-0.0002265860787013796,0.4743265993265993,0.954701536982814,0.004858221218034475,0.9999553726459414
blend0.7_delta0.01_pr0.5_scale1,0.7,0.01,0.5,1.0,116,0.9789093543359724,0.001545797660283621,0.914264536557117,0.273972602739726,0.5068493150684932,0.155020712272807,-0.0002265860787013796,0.4743265993265993,0.954701536982814,0.004858221218034475,0.9999556292181899
blend0.5_delta0_pr0.7_scale1.25,0.5,0.0,0.7,1.25,113,0.9788667264031576,0.0015031697274688893,0.9139297676891606,0.273972602739726,0.5068493150684932,0.15407149902942466,-0.001175799322083726,0.4743265993265993,0.9545675634796815,0.004724247714901986,0.9999861139842644
blend0.5_delta0.0025_pr0.7_scale1.25,0.5,0.0025,0.7,1.25,98,0.9788667264031576,0.0015031697274688893,0.9139114730509048,0.273972602739726,0.5068493150684932,0.15407149902942466,-0.001175799322083726,0.4743265993265993,0.9545675634796815,0.004724247714901986,0.9999861168547772
blend0.5_delta0.005_pr0.7_scale1.25,0.5,0.005,0.7,1.25,87,0.9788667264031576,0.0015031697274688893,0.9138783355929321,0.273972602739726,0.5068493150684932,0.15407149902942466,-0.001175799322083726,0.4743265993265993,0.9545675634796815,0.004724247714901986,0.9999861272975902
blend0.5_delta0.01_pr0.7_scale1.25,0.5,0.01,0.7,1.25,70,0.9788667264031576,0.0015031697274688893,0.9138065377673247,0.273972602739726,0.5068493150684932,0.15407149902942466,-0.001175799322083726,0.4743265993265993,0.9545675634796815,0.004724247714901986,0.9999861930032172
blend0.85_delta0_pr0_scale0.75,0.85,0.0,0.0,0.75,323,0.9787686935948443,0.0014051369191555585,0.9143634311582542,0.273972602739726,0.5068493150684932,0.155020712272807,-0.0002265860787013796,0.4743265993265993,0.9542594603678402,0.004416144603060612,0.9999574996540794
blend0.85_delta0_pr0.25_scale0.75,0.85,0.0,0.25,0.75,276,0.9787686935948443,0.0014051369191555585,0.9143636612794902,0.273972602739726,0.5068493150684932,0.155020712272807,-0.0002265860787013796,0.4743265993265993,0.9542594603678402,0.004416144603060612,0.9999585363520715
blend0.85_delta0_pr0.5_scale0.75,0.85,0.0,0.5,0.75,197,0.9787686935948443,0.0014051369191555585,0.9143646968250518,0.273972602739726,0.5068493150684932,0.155020712272807,-0.0002265860787013796,0.4743265993265993,0.9542594603678402,0.004416144603060612,0.9999629396755381
blend0.85_delta0.0025_pr0_scale0.75,0.85,0.0025,0.0,0.75,264,0.9787360159920734,0.0013724593163846333,0.9143159686533455,0.273972602739726,0.5068493150684932,0.155020712272807,-0.0002265860787013796,0.4743265993265993,0.9541567593305597,0.004313443565780117,0.9999575206882082
blend0.85_delta0.0025_pr0.25_scale0.75,0.85,0.0025,0.25,0.75,224,0.9787360159920734,0.0013724593163846333,0.9143161987745814,0.273972602739726,0.5068493150684932,0.155020712272807,-0.0002265860787013796,0.4743265993265993,0.9541567593305597,0.004313443565780117,0.9999585560209606
blend0.85_delta0.005_pr0_scale0.75,0.85,0.005,0.0,0.75,216,0.9787360159920734,0.0013724593163846333,0.9142485431312205,0.273972602739726,0.5068493150684932,0.155020712272807,-0.0002265860787013796,0.4743265993265993,0.9541567593305597,0.004313443565780117,0.9999576429376604
blend0.85_delta0.005_pr0.25_scale0.75,0.85,0.005,0.25,0.75,186,0.9787360159920734,0.0013724593163846333,0.9142487732524565,0.273972602739726,0.5068493150684932,0.155020712272807,-0.0002265860787013796,0.4743265993265993,0.9541567593305597,0.004313443565780117,0.9999586483837115
blend0.85_delta0.0025_pr0.5_scale0.75,0.85,0.0025,0.5,0.75,161,0.9787360159920734,0.0013724593163846333,0.9143167740776712,0.273972602739726,0.5068493150684932,0.155020712272807,-0.0002265860787013796,0.4743265993265993,0.9541567593305597,0.004313443565780117,0.9999629533547071
blend0.85_delta0.01_pr0_scale0.75,0.85,0.01,0.0,0.75,148,0.9787360159920734,0.0013724593163846333,0.914118294511689,0.273972602739726,0.5068493150684932,0.155020712272807,-0.0002265860787013796,0.4743265993265993,0.9541567593305597,0.004313443565780117,0.9999583941769786
blend0.85_delta0.005_pr0.5_scale0.75,0.85,0.005,0.5,0.75,141,0.9787360159920734,0.0013724593163846333,0.9142493485555463,0.273972602739726,0.5068493150684932,0.155020712272807,-0.0002265860787013796,0.4743265993265993,0.9541567593305597,0.004313443565780117,0.9999629983908492
blend0.85_delta0.01_pr0.25_scale0.75,0.85,0.01,0.25,0.75,134,0.9787360159920734,0.0013724593163846333,0.914118294511689,0.273972602739726,0.5068493150684932,0.155020712272807,-0.0002265860787013796,0.4743265993265993,0.9541567593305597,0.004313443565780117,0.9999592325368775
blend0.85_delta0.01_pr0.5_scale0.75,0.85,0.01,0.5,0.75,103,0.9787360159920734,0.0013724593163846333,0.9141184095723071,0.273972602739726,0.5068493150684932,0.155020712272807,-0.0002265860787013796,0.4743265993265993,0.9541567593305597,0.004313443565780117,0.9999634274354798
blend0.7_delta0_pr0.7_scale0.75,0.7,0.0,0.7,0.75,113,0.9787033383893022,0.001339781713613486,0.9137554508529501,0.273972602739726,0.5068493150684932,0.15524729835150838,0.0,0.4743265993265993,0.9540540582932792,0.0042107425284996225,0.9999902020233935
blend0.7_delta0.0025_pr0.7_scale0.75,0.7,0.0025,0.7,0.75,90,0.9787033383893022,0.001339781713613486,0.9137217380918876,0.273972602739726,0.5068493150684932,0.15524729835150838,0.0,0.4743265993265993,0.9540540582932792,0.0042107425284996225,0.9999902080675815
blend0.7_delta0.005_pr0.7_scale0.75,0.7,0.005,0.7,0.75,77,0.9787033383893022,0.001339781713613486,0.9136741029960519,0.273972602739726,0.5068493150684932,0.15524729835150838,0.0,0.4743265993265993,0.9540540582932792,0.0042107425284996225,0.9999902277287398
blend0.7_delta0.01_pr0.7_scale0.75,0.7,0.01,0.7,0.75,51,0.9787033383893022,0.001339781713613486,0.9136029955341523,0.273972602739726,0.5068493150684932,0.15524729835150838,0.0,0.4743265993265993,0.9540540582932792,0.0042107425284996225,0.9999904409145984
blend0.5_delta0_pr0_scale1.25,0.5,0.0,0.0,1.25,323,0.9786706607865312,0.0013071041108424497,0.9143344358825282,0.273972602739726,0.5068493150684932,0.155020712272807,-0.0002265860787013796,0.4743265993265993,0.9539513572559988,0.004108041491219239,0.9999591505300288
blend0.5_delta0.0025_pr0_scale1.25,0.5,0.0025,0.0,1.25,285,0.9786706607865312,0.0013071041108424497,0.9143131496682054,0.273972602739726,0.5068493150684932,0.155020712272807,-0.0002265860787013796,0.4743265993265993,0.9539513572559988,0.004108041491219239,0.9999591558475107
blend0.5_delta0_pr0.25_scale1.25,0.5,0.0,0.25,1.25,276,0.9786706607865312,0.0013071041108424497,0.9143345509431461,0.273972602739726,0.5068493150684932,0.155020712272807,-0.0002265860787013796,0.4743265993265993,0.9539513572559988,0.004108041491219239,0.9999601468995803
blend0.5_delta0.005_pr0_scale1.25,0.5,0.005,0.0,1.25,253,0.9786706607865312,0.0013071041108424497,0.9142783438312724,0.273972602739726,0.5068493150684932,0.155020712272807,-0.0002265860787013796,0.4743265993265993,0.9539513572559988,0.004108041491219239,0.9999591856078357
blend0.5_delta0.0025_pr0.25_scale1.25,0.5,0.0025,0.25,1.25,243,0.9786706607865312,0.0013071041108424497,0.9143132647288235,0.273972602739726,0.5068493150684932,0.155020712272807,-0.0002265860787013796,0.4743265993265993,0.9539513572559988,0.004108041491219239,0.999960151820878
blend0.5_delta0.005_pr0.25_scale1.25,0.5,0.005,0.25,1.25,215,0.9786706607865312,0.0013071041108424497,0.9142784588918903,0.273972602739726,0.5068493150684932,0.155020712272807,-0.0002265860787013796,0.4743265993265993,0.9539513572559988,0.004108041491219239,0.9999601780563692
blend0.5_delta0.01_pr0_scale1.25,0.5,0.01,0.0,1.25,198,0.9786706607865312,0.0013071041108424497,0.9141650091225811,0.273972602739726,0.5068493150684932,0.155020712272807,-0.0002265860787013796,0.4743265993265993,0.9539513572559988,0.004108041491219239,0.9999593989999245
blend0.5_delta0_pr0.5_scale1.25,0.5,0.0,0.5,1.25,197,0.9786706607865312,0.0013071041108424497,0.9143354714280898,0.273972602739726,0.5068493150684932,0.155020712272807,-0.0002265860787013796,0.4743265993265993,0.9539513572559988,0.004108041491219239,0.9999643790329923
blend0.5_delta0.0025_pr0.5_scale1.25,0.5,0.0025,0.5,1.25,174,0.9786706607865312,0.0013071041108424497,0.9143139550925312,0.273972602739726,0.5068493150684932,0.155020712272807,-0.0002265860787013796,0.4743265993265993,0.9539513572559988,0.004108041491219239,0.9999643828341955
blend0.5_delta0.01_pr0.25_scale1.25,0.5,0.01,0.25,1.25,172,0.9786706607865312,0.0013071041108424497,0.9141651241831991,0.273972602739726,0.5068493150684932,0.155020712272807,-0.0002265860787013796,0.4743265993265993,0.9539513572559988,0.004108041491219239,0.9999603422026775
blend0.5_delta0.005_pr0.5_scale1.25,0.5,0.005,0.5,1.25,156,0.9786706607865312,0.0013071041108424497,0.9142789191343621,0.273972602739726,0.5068493150684932,0.155020712272807,-0.0002265860787013796,0.4743265993265993,0.9539513572559988,0.004108041491219239,0.9999643994393576
blend0.5_delta0.01_pr0.5_scale1.25,0.5,0.01,0.5,1.25,129,0.9786706607865312,0.0013071041108424497,0.9141655844256709,0.273972602739726,0.5068493150684932,0.155020712272807,-0.0002265860787013796,0.4743265993265993,0.9539513572559988,0.004108041491219239,0.9999645116293938
blend0.5_delta0_pr0.7_scale1,0.5,0.0,0.7,1.0,113,0.9785726279782181,0.001209071302529341,0.9137066651509348,0.273972602739726,0.5068493150684932,0.15524729835150838,0.0,0.4743265993265993,0.9536432541441572,0.003799938379377643,0.9999911129469856
blend0.5_delta0.0025_pr0.7_scale1,0.5,0.0025,0.7,1.0,94,0.9785726279782181,0.001209071302529341,0.9136833078454888,0.273972602739726,0.5068493150684932,0.15524729835150838,0.0,0.4743265993265993,0.9536432541441572,0.003799938379377643,0.9999911162354503
blend0.5_delta0.005_pr0.7_scale1,0.5,0.005,0.7,1.0,78,0.9785726279782181,0.001209071302529341,0.9136292293550473,0.273972602739726,0.5068493150684932,0.15524729835150838,0.0,0.4743265993265993,0.9536432541441572,0.003799938379377643,0.9999911340263712
blend0.5_delta0.01_pr0.7_scale1,0.5,0.01,0.7,1.0,62,0.9785726279782181,0.001209071302529341,0.9135819394410655,0.273972602739726,0.5068493150684932,0.15524729835150838,0.0,0.4743265993265993,0.9536432541441572,0.003799938379377643,0.9999912104303531
blend0.7_delta0_pr0_scale0.75,0.7,0.0,0.0,0.75,323,0.9785399503754469,0.0011763936997581936,0.9140958001608778,0.273972602739726,0.5068493150684932,0.15524729835150838,0.0,0.4743265993265993,0.9535405531068768,0.0036972373420972593,0.9999711796886341
blend0.7_delta0_pr0.25_scale0.75,0.7,0.0,0.25,0.75,276,0.9785399503754469,0.0011763936997581936,0.9140961453427316,0.273972602739726,0.5068493150684932,0.15524729835150838,0.0,0.4743265993265993,0.9535405531068768,0.0036972373420972593,0.9999718823170745
blend0.7_delta0.0025_pr0_scale0.75,0.7,0.0025,0.0,0.75,264,0.9785399503754469,0.0011763936997581936,0.9140581178084957,0.273972602739726,0.5068493150684932,0.15524729835150838,0.0,0.4743265993265993,0.9535405531068768,0.0036972373420972593,0.999971193988033
blend0.7_delta0.0025_pr0.25_scale0.75,0.7,0.0025,0.25,0.75,224,0.9785399503754469,0.0011763936997581936,0.9140584629903495,0.273972602739726,0.5068493150684932,0.15524729835150838,0.0,0.4743265993265993,0.9535405531068768,0.0036972373420972593,0.9999718956959767
blend0.7_delta0.005_pr0_scale0.75,0.7,0.005,0.0,0.75,216,0.9785399503754469,0.0011763936997581936,0.9140038091968182,0.273972602739726,0.5068493150684932,0.15524729835150838,0.0,0.4743265993265993,0.9535405531068768,0.0036972373420972593,0.9999712768889584
blend0.7_delta0_pr0.5_scale0.75,0.7,0.0,0.5,0.75,197,0.9785399503754469,0.0011763936997581936,0.9140966055852034,0.273972602739726,0.5068493150684932,0.15524729835150838,0.0,0.4743265993265993,0.9535405531068768,0.0036972373420972593,0.9999748673513108
blend0.7_delta0.005_pr0.25_scale0.75,0.7,0.005,0.25,0.75,186,0.9785399503754469,0.0011763936997581936,0.9140039242574362,0.273972602739726,0.5068493150684932,0.15524729835150838,0.0,0.4743265993265993,0.9535405531068768,0.0036972373420972593,0.9999719583476674
blend0.7_delta0.0025_pr0.5_scale0.75,0.7,0.0025,0.5,0.75,161,0.9785399503754469,0.0011763936997581936,0.9140586931115855,0.273972602739726,0.5068493150684932,0.15524729835150838,0.0,0.4743265993265993,0.9535405531068768,0.0036972373420972593,0.9999748766674157
blend0.7_delta0.01_pr0_scale0.75,0.7,0.01,0.0,0.75,148,0.9785399503754469,0.0011763936997581936,0.9138939263066658,0.273972602739726,0.5068493150684932,0.15524729835150838,0.0,0.4743265993265993,0.9535405531068768,0.0036972373420972593,0.999971786468787
blend0.7_delta0.005_pr0.5_scale0.75,0.7,0.005,0.5,0.75,141,0.9785399503754469,0.0011763936997581936,0.9140041543786721,0.273972602739726,0.5068493150684932,0.15524729835150838,0.0,0.4743265993265993,0.9535405531068768,0.0036972373420972593,0.9999749072616237
blend0.7_delta0.01_pr0.25_scale0.75,0.7,0.01,0.25,0.75,134,0.9785399503754469,0.0011763936997581936,0.9138939263066658,0.273972602739726,0.5068493150684932,0.15524729835150838,0.0,0.4743265993265993,0.9535405531068768,0.0036972373420972593,0.9999723546971263
blend0.7_delta0.01_pr0.5_scale0.75,0.7,0.01,0.5,0.75,103,0.9785399503754469,0.0011763936997581936,0.9138939263066658,0.273972602739726,0.5068493150684932,0.15524729835150838,0.0,0.4743265993265993,0.9535405531068768,0.0036972373420972593,0.9999751984451385
blend0.5_delta0_pr0_scale1,0.5,0.0,0.0,1.0,323,0.9784419175671338,0.0010783608914450848,0.9140313662148197,0.273972602739726,0.5068493150684932,0.15524729835150838,0.0,0.4743265993265993,0.9532324499950354,0.0033891342302558858,0.9999738598379625
blend0.5_delta0.0025_pr0_scale1,0.5,0.0025,0.0,1.0,278,0.9784419175671338,0.0010783608914450848,0.9140059378182505,0.273972602739726,0.5068493150684932,0.15524729835150838,0.0,0.4743265993265993,0.9532324499950354,0.0033891342302558858,0.9999738655630489
blend0.5_delta0_pr0.25_scale1,0.5,0.0,0.25,1.0,276,0.9784419175671338,0.0010783608914450848,0.9140317113966737,0.273972602739726,0.5068493150684932,0.15524729835150838,0.0,0.4743265993265993,0.9532324499950354,0.0033891342302558858,0.9999744970491163
blend0.5_delta0.0025_pr0.25_scale1,0.5,0.0025,0.25,1.0,237,0.9784419175671338,0.0010783608914450848,0.9140062830001043,0.273972602739726,0.5068493150684932,0.15524729835150838,0.0,0.4743265993265993,0.9532324499950354,0.0033891342302558858,0.9999745022634488
blend0.5_delta0.005_pr0_scale1,0.5,0.005,0.0,1.0,232,0.9784419175671338,0.0010783608914450848,0.9139504210700845,0.273972602739726,0.5068493150684932,0.15524729835150838,0.0,0.4743265993265993,0.9532324499950354,0.0033891342302558858,0.9999739118262253
blend0.5_delta0_pr0.5_scale1,0.5,0.0,0.5,1.0,197,0.9784419175671338,0.0010783608914450848,0.9140322866997634,0.273972602739726,0.5068493150684932,0.15524729835150838,0.0,0.4743265993265993,0.9532324499950354,0.0033891342302558858,0.9999772042979078
blend0.5_delta0.005_pr0.25_scale1,0.5,0.005,0.25,1.0,196,0.9784419175671338,0.0010783608914450848,0.9139507662519384,0.273972602739726,0.5068493150684932,0.15524729835150838,0.0,0.4743265993265993,0.9532324499950354,0.0033891342302558858,0.9999745434752593
blend0.5_delta0.01_pr0_scale1,0.5,0.01,0.0,1.0,172,0.9784419175671338,0.0010783608914450848,0.9138592930606596,0.273972602739726,0.5068493150684932,0.15524729835150838,0.0,0.4743265993265993,0.9532324499950354,0.0033891342302558858,0.9999741680741502
blend0.5_delta0.0025_pr0.5_scale1,0.5,0.0025,0.5,1.0,169,0.9784419175671338,0.0010783608914450848,0.9140066281819582,0.273972602739726,0.5068493150684932,0.15524729835150838,0.0,0.4743265993265993,0.9532324499950354,0.0033891342302558858,0.9999772085182662
blend0.5_delta0.01_pr0.25_scale1,0.5,0.01,0.25,1.0,152,0.9784419175671338,0.0010783608914450848,0.9138594081212775,0.273972602739726,0.5068493150684932,0.15524729835150838,0.0,0.4743265993265993,0.9532324499950354,0.0033891342302558858,0.9999747389691992
blend0.5_delta0.005_pr0.5_scale1,0.5,0.005,0.5,1.0,144,0.9784419175671338,0.0010783608914450848,0.9139509963731742,0.273972602739726,0.5068493150684932,0.15524729835150838,0.0,0.4743265993265993,0.9532324499950354,0.0033891342302558858,0.9999772337813266
blend0.5_delta0.01_pr0.5_scale1,0.5,0.01,0.5,1.0,116,0.9784419175671338,0.0010783608914450848,0.9138596382425135,0.273972602739726,0.5068493150684932,0.15524729835150838,0.0,0.4743265993265993,0.9532324499950354,0.0033891342302558858,0.9999773648716572
blend0.35_delta0_pr0.7_scale1.25,0.35,0.0,0.7,1.25,113,0.9784092399643627,0.0010456832886739376,0.9135962069576925,0.273972602739726,0.5068493150684932,0.15524729835150838,0.0,0.4743265993265993,0.9531297489577549,0.003286433192975391,0.99999319585316
blend0.35_delta0.0025_pr0.7_scale1.25,0.35,0.0025,0.7,1.25,98,0.9784092399643627,0.0010456832886739376,0.913583320168481,0.273972602739726,0.5068493150684932,0.15524729835150838,0.0,0.4743265993265993,0.9531297489577549,0.003286433192975391,0.9999931972678923
blend0.5_delta0_pr0.7_scale0.75,0.5,0.0,0.7,0.75,113,0.9783765623615917,0.0010130056859029013,0.9134820668246756,0.273972602739726,0.5068493150684932,0.15524729835150838,0.0,0.4743265993265993,0.9530270479204744,0.003183732155694896,0.9999950010393533
blend0.35_delta0.005_pr0.7_scale1.25,0.35,0.005,0.7,1.25,87,0.9783765623615917,0.0010130056859029013,0.9135621490147762,0.273972602739726,0.5068493150684932,0.15524729835150838,0.0,0.4743265993265993,0.9530270479204744,0.003183732155694896,0.999993202398505
blend0.35_delta0.01_pr0.7_scale1.25,0.35,0.01,0.7,1.25,70,0.9783765623615917,0.0010130056859029013,0.913510256676076,0.273972602739726,0.5068493150684932,0.15524729835150838,0.0,0.4743265993265993,0.9530270479204744,0.003183732155694896,0.9999932346291749
blend0.35_delta0_pr0.7_scale1,0.35,0.0,0.7,1.0,113,0.9783438847588205,0.000980328083131754,0.9134375383655248,0.273972602739726,0.5068493150684932,0.15524729835150838,0.0,0.4743265993265993,0.9529243468831939,0.0030810311184144012,0.9999956453518696
blend0.35_delta0.0025_pr0.7_scale1,0.35,0.0025,0.7,1.0,94,0.9783438847588205,0.000980328083131754,0.9134209696365385,0.273972602739726,0.5068493150684932,0.15524729835150838,0.0,0.4743265993265993,0.9529243468831939,0.0030810311184144012,0.9999956469696568
blend0.5_delta0.0025_pr0.7_scale0.75,0.5,0.0025,0.7,0.75,90,0.9783438847588205,0.000980328083131754,0.9134580191555218,0.273972602739726,0.5068493150684932,0.15524729835150838,0.0,0.4743265993265993,0.9529243468831939,0.0030810311184144012,0.9999950041322091
blend0.35_delta0.005_pr0.7_scale1,0.35,0.005,0.7,1.0,78,0.9783438847588205,0.000980328083131754,0.9133834598750833,0.273972602739726,0.5068493150684932,0.15524729835150838,0.0,0.4743265993265993,0.9529243468831939,0.0030810311184144012,0.9999956557010011
blend0.5_delta0.005_pr0.7_scale0.75,0.5,0.005,0.7,0.75,77,0.9783438847588205,0.000980328083131754,0.9134237310913695,0.273972602739726,0.5068493150684932,0.15524729835150838,0.0,0.4743265993265993,0.9529243468831939,0.0030810311184144012,0.9999950141782614
blend0.35_delta0.01_pr0.7_scale1,0.35,0.01,0.7,1.0,62,0.9783438847588205,0.000980328083131754,0.9133511278414363,0.273972602739726,0.5068493150684932,0.15524729835150838,0.0,0.4743265993265993,0.9529243468831939,0.0030810311184144012,0.9999956931625915
blend0.5_delta0.01_pr0.7_scale0.75,0.5,0.01,0.7,0.75,51,0.9783438847588205,0.000980328083131754,0.9133746002075003,0.273972602739726,0.5068493150684932,0.15524729835150838,0.0,0.4743265993265993,0.9529243468831939,0.0030810311184144012,0.9999951229985056
blend0.35_delta0_pr0_scale1,0.35,0.0,0.0,1.0,323,0.9782785295532785,0.0009149728775897925,0.9136625969342559,0.273972602739726,0.5068493150684932,0.15524729835150838,0.0,0.4743265993265993,0.952718944808633,0.0028756290438534116,0.9999871934603022
blend0.5_delta0_pr0_scale0.75,0.5,0.0,0.0,0.75,323,0.9782785295532785,0.0009149728775897925,0.9137239242436289,0.273972602739726,0.5068493150684932,0.15524729835150838,0.0,0.4743265993265993,0.952718944808633,0.0028756290438534116,0.999985298198595
blend0.35_delta0.0025_pr0_scale1,0.35,0.0025,0.0,1.0,278,0.9782785295532785,0.0009149728775897925,0.9136445324172361,0.273972602739726,0.5068493150684932,0.15524729835150838,0.0,0.4743265993265993,0.952718944808633,0.0028756290438534116,0.9999871962883343
blend0.35_delta0_pr0.25_scale1,0.35,0.0,0.25,1.0,276,0.9782785295532785,0.0009149728775897925,0.9136627119948738,0.273972602739726,0.5068493150684932,0.15524729835150838,0.0,0.4743265993265993,0.952718944808633,0.0028756290438534116,0.9999875054162455
blend0.5_delta0_pr0.25_scale0.75,0.5,0.0,0.25,0.75,276,0.9782785295532785,0.0009149728775897925,0.9137240393042468,0.273972602739726,0.5068493150684932,0.15524729835150838,0.0,0.4743265993265993,0.952718944808633,0.0028756290438534116,0.9999856563647216
blend0.35_delta0.0025_pr0.25_scale1,0.35,0.0025,0.25,1.0,237,0.9782785295532785,0.0009149728775897925,0.913644647477854,0.273972602739726,0.5068493150684932,0.15524729835150838,0.0,0.4743265993265993,0.952718944808633,0.0028756290438534116,0.9999875079951474
blend0.35_delta0_pr0.5_scale1,0.35,0.0,0.5,1.0,197,0.9782785295532785,0.0009149728775897925,0.9136629421161098,0.273972602739726,0.5068493150684932,0.15524729835150838,0.0,0.4743265993265993,0.952718944808633,0.0028756290438534116,0.999988831178355
blend0.5_delta0_pr0.5_scale0.75,0.5,0.0,0.5,0.75,197,0.9782785295532785,0.0009149728775897925,0.9137241543648648,0.273972602739726,0.5068493150684932,0.15524729835150838,0.0,0.4743265993265993,0.952718944808633,0.0028756290438534116,0.9999871784379772
blend0.35_delta0.0025_pr0.5_scale1,0.35,0.0025,0.5,1.0,169,0.9782785295532785,0.0009149728775897925,0.91364487759909,0.273972602739726,0.5068493150684932,0.15524729835150838,0.0,0.4743265993265993,0.952718944808633,0.0028756290438534116,0.9999888332663693
blend0.35_delta0_pr0_scale1.25,0.35,0.0,0.0,1.25,323,0.9782458519505074,0.0008822952748186452,0.9138833982601223,0.273972602739726,0.5068493150684932,0.15524729835150838,0.0,0.4743265993265993,0.9526162437713525,0.0027729280065729167,0.9999799878144038
blend0.35_delta0.0025_pr0_scale1.25,0.35,0.0025,0.0,1.25,285,0.9782458519505074,0.0008822952748186452,0.9138684403797875,0.273972602739726,0.5068493150684932,0.15524729835150838,0.0,0.4743265993265993,0.9526162437713525,0.0027729280065729167,0.9999799904527348
blend0.35_delta0_pr0.25_scale1.25,0.35,0.0,0.25,1.25,276,0.9782458519505074,0.0008822952748186452,0.9138835133207404,0.273972602739726,0.5068493150684932,0.15524729835150838,0.0,0.4743265993265993,0.9526162437713525,0.0027729280065729167,0.9999804754993207
blend0.35_delta0.0025_pr0.25_scale1.25,0.35,0.0025,0.25,1.25,243,0.9782458519505074,0.0008822952748186452,0.9138685554404055,0.273972602739726,0.5068493150684932,0.15524729835150838,0.0,0.4743265993265993,0.9526162437713525,0.0027729280065729167,0.9999804779443341
blend0.35_delta0.005_pr0_scale1,0.35,0.005,0.0,1.0,232,0.9782458519505074,0.0008822952748186452,0.9136053542768204,0.273972602739726,0.5068493150684932,0.15524729835150838,0.0,0.4743265993265993,0.9526162437713525,0.0027729280065729167,0.9999872189708889
blend0.35_delta0_pr0.5_scale1.25,0.35,0.0,0.5,1.25,197,0.9782458519505074,0.0008822952748186452,0.9138838585025942,0.273972602739726,0.5068493150684932,0.15524729835150838,0.0,0.4743265993265993,0.9526162437713525,0.0027729280065729167,0.9999825477257224
blend0.35_delta0.005_pr0.25_scale1,0.35,0.005,0.25,1.0,196,0.9782458519505074,0.0008822952748186452,0.9136054693374384,0.273972602739726,0.5068493150684932,0.15524729835150838,0.0,0.4743265993265993,0.9526162437713525,0.0027729280065729167,0.9999875282081391
blend0.35_delta0.0025_pr0.5_scale1.25,0.35,0.0025,0.5,1.25,174,0.9782458519505074,0.0008822952748186452,0.9138689006222593,0.273972602739726,0.5068493150684932,0.15524729835150838,0.0,0.4743265993265993,0.9526162437713525,0.0027729280065729167,0.9999825496168101
blend0.35_delta0.01_pr0_scale1,0.35,0.01,0.0,1.0,172,0.9782458519505074,0.0008822952748186452,0.9135425311794139,0.273972602739726,0.5068493150684932,0.15524729835150838,0.0,0.4743265993265993,0.9526162437713525,0.0027729280065729167,0.9999873445264997
blend0.35_delta0.01_pr0.25_scale1,0.35,0.01,0.25,1.0,152,0.9782458519505074,0.0008822952748186452,0.9135425311794139,0.273972602739726,0.5068493150684932,0.15524729835150838,0.0,0.4743265993265993,0.9526162437713525,0.0027729280065729167,0.9999876240305111
blend0.35_delta0.005_pr0.5_scale1,0.35,0.005,0.5,1.0,144,0.9782458519505074,0.0008822952748186452,0.9136056994586743,0.273972602739726,0.5068493150684932,0.15524729835150838,0.0,0.4743265993265993,0.9526162437713525,0.0027729280065729167,0.9999888456762188
blend0.35_delta0.01_pr0.5_scale1,0.35,0.01,0.5,1.0,116,0.9782458519505074,0.0008822952748186452,0.9135427613006498,0.273972602739726,0.5068493150684932,0.15524729835150838,0.0,0.4743265993265993,0.9526162437713525,0.0027729280065729167,0.9999889099779383
blend0.5_delta0.0025_pr0_scale0.75,0.5,0.0025,0.0,0.75,264,0.9782131743477364,0.000849617672047609,0.9136967124074812,0.273972602739726,0.5068493150684932,0.15524729835150838,0.0,0.4743265993265993,0.952513542734072,0.002670226969292422,0.9999853055172616
blend0.35_delta0.005_pr0_scale1.25,0.35,0.005,0.0,1.25,253,0.9782131743477364,0.000849617672047609,0.9138458309683583,0.273972602739726,0.5068493150684932,0.15524729835150838,0.0,0.4743265993265993,0.952513542734072,0.002670226969292422,0.9999800050483642
blend0.5_delta0.0025_pr0.25_scale0.75,0.5,0.0025,0.25,0.75,224,0.9782131743477364,0.000849617672047609,0.9136968274680991,0.273972602739726,0.5068493150684932,0.15524729835150838,0.0,0.4743265993265993,0.952513542734072,0.002670226969292422,0.9999856632174368
blend0.5_delta0.005_pr0_scale0.75,0.5,0.005,0.0,0.75,216,0.9782131743477364,0.000849617672047609,0.9136570164942848,0.273972602739726,0.5068493150684932,0.15524729835150838,0.0,0.4743265993265993,0.952513542734072,0.002670226969292422,0.9999853478071875
blend0.35_delta0.005_pr0.25_scale1.25,0.35,0.005,0.25,1.25,215,0.9782131743477364,0.000849617672047609,0.9138459460289762,0.273972602739726,0.5068493150684932,0.15524729835150838,0.0,0.4743265993265993,0.952513542734072,0.002670226969292422,0.9999804908246335
blend0.35_delta0.01_pr0_scale1.25,0.35,0.01,0.0,1.25,198,0.9782131743477364,0.000849617672047609,0.9137660939601114,0.273972602739726,0.5068493150684932,0.15524729835150838,0.0,0.4743265993265993,0.952513542734072,0.002670226969292422,0.9999801096213459
blend0.5_delta0.005_pr0.25_scale0.75,0.5,0.005,0.25,0.75,186,0.9782131743477364,0.000849617672047609,0.9136570164942848,0.273972602739726,0.5068493150684932,0.15524729835150838,0.0,0.4743265993265993,0.952513542734072,0.002670226969292422,0.9999856951898205
blend0.35_delta0.01_pr0.25_scale1.25,0.35,0.01,0.25,1.25,172,0.9782131743477364,0.000849617672047609,0.9137662090207295,0.273972602739726,0.5068493150684932,0.15524729835150838,0.0,0.4743265993265993,0.952513542734072,0.002670226969292422,0.999980571308086
blend0.5_delta0.0025_pr0.5_scale0.75,0.5,0.0025,0.5,0.75,161,0.9782131743477364,0.000849617672047609,0.9136969425287171,0.273972602739726,0.5068493150684932,0.15524729835150838,0.0,0.4743265993265993,0.952513542734072,0.002670226969292422,0.9999871832174853
blend0.35_delta0.005_pr0.5_scale1.25,0.35,0.005,0.5,1.25,156,0.9782131743477364,0.000849617672047609,0.9138461761502121,0.273972602739726,0.5068493150684932,0.15524729835150838,0.0,0.4743265993265993,0.952513542734072,0.002670226969292422,0.9999825577837114
blend0.5_delta0.01_pr0_scale0.75,0.5,0.01,0.0,0.75,148,0.9782131743477364,0.000849617672047609,0.9135809614258128,0.273972602739726,0.5068493150684932,0.15524729835150838,0.0,0.4743265993265993,0.952513542734072,0.002670226969292422,0.9999856078540992
blend0.5_delta0.005_pr0.5_scale0.75,0.5,0.005,0.5,0.75,141,0.9782131743477364,0.000849617672047609,0.9136571315549027,0.273972602739726,0.5068493150684932,0.15524729835150838,0.0,0.4743265993265993,0.952513542734072,0.002670226969292422,0.9999871988610649
blend0.5_delta0.01_pr0.25_scale0.75,0.5,0.01,0.25,0.75,134,0.9782131743477364,0.000849617672047609,0.9135809614258128,0.273972602739726,0.5068493150684932,0.15524729835150838,0.0,0.4743265993265993,0.952513542734072,0.002670226969292422,0.9999858975264518
blend0.35_delta0.01_pr0.5_scale1.25,0.35,0.01,0.5,1.25,129,0.9782131743477364,0.000849617672047609,0.9137664391419653,0.273972602739726,0.5068493150684932,0.15524729835150838,0.0,0.4743265993265993,0.952513542734072,0.002670226969292422,0.9999826128522947
blend0.5_delta0.01_pr0.5_scale0.75,0.5,0.01,0.5,0.75,103,0.9782131743477364,0.000849617672047609,0.9135809614258128,0.273972602739726,0.5068493150684932,0.15524729835150838,0.0,0.4743265993265993,0.952513542734072,0.002670226969292422,0.9999873475620161
blend0.35_delta0.0025_pr0_scale0.75,0.35,0.0025,0.0,0.75,264,0.9780824639366521,0.0007189072609633529,0.9134372507139799,0.273972602739726,0.5068493150684932,0.15524729835150838,0.0,0.4743265993265993,0.9521027385849502,0.0022594228201706645,0.9999928006414336
blend0.35_delta0.0025_pr0.25_scale0.75,0.35,0.0025,0.25,0.75,224,0.9780824639366521,0.0007189072609633529,0.9134372507139799,0.273972602739726,0.5068493150684932,0.15524729835150838,0.0,0.4743265993265993,0.9521027385849502,0.0022594228201706645,0.9999929757975334
blend0.35_delta0.005_pr0_scale0.75,0.35,0.005,0.0,0.75,216,0.9780824639366521,0.0007189072609633529,0.9134099813475233,0.273972602739726,0.5068493150684932,0.15524729835150838,0.0,0.4743265993265993,0.9521027385849502,0.0022594228201706645,0.9999928213609307
blend0.35_delta0.005_pr0.25_scale0.75,0.35,0.005,0.25,0.75,186,0.9780824639366521,0.0007189072609633529,0.9134099813475233,0.273972602739726,0.5068493150684932,0.15524729835150838,0.0,0.4743265993265993,0.9521027385849502,0.0022594228201706645,0.9999929914665192
blend0.35_delta0.0025_pr0.5_scale0.75,0.35,0.0025,0.5,0.75,161,0.9780824639366521,0.0007189072609633529,0.9134374808352158,0.273972602739726,0.5068493150684932,0.15524729835150838,0.0,0.4743265993265993,0.9521027385849502,0.0022594228201706645,0.9999937202591541
blend0.35_delta0.01_pr0_scale0.75,0.35,0.01,0.0,0.75,148,0.9780824639366521,0.0007189072609633529,0.9133571685238793,0.273972602739726,0.5068493150684932,0.15524729835150838,0.0,0.4743265993265993,0.9521027385849502,0.0022594228201706645,0.9999929488037603
blend0.35_delta0.005_pr0.5_scale0.75,0.35,0.005,0.5,0.75,141,0.9780824639366521,0.0007189072609633529,0.9134102114687591,0.273972602739726,0.5068493150684932,0.15524729835150838,0.0,0.4743265993265993,0.9521027385849502,0.0022594228201706645,0.9999937279370442
blend0.35_delta0.01_pr0.25_scale0.75,0.35,0.01,0.25,0.75,134,0.9780824639366521,0.0007189072609633529,0.9133571685238793,0.273972602739726,0.5068493150684932,0.15524729835150838,0.0,0.4743265993265993,0.9521027385849502,0.0022594228201706645,0.9999930906537493
blend0.35_delta0.01_pr0.5_scale0.75,0.35,0.01,0.5,0.75,103,0.9780824639366521,0.0007189072609633529,0.9133572835844972,0.273972602739726,0.5068493150684932,0.15524729835150838,0.0,0.4743265993265993,0.9521027385849502,0.0022594228201706645,0.9999938008506012
blend0.35_delta0.0025_pr0.7_scale0.75,0.35,0.0025,0.7,0.75,90,0.9780824639366521,0.0007189072609633529,0.913270355287628,0.273972602739726,0.5068493150684932,0.15524729835150838,0.0,0.4743265993265993,0.9521027385849502,0.0022594228201706645,0.9999975520345513
blend0.35_delta0.005_pr0.7_scale0.75,0.35,0.005,0.7,0.75,77,0.9780824639366521,0.0007189072609633529,0.913246652800328,0.273972602739726,0.5068493150684932,0.15524729835150838,0.0,0.4743265993265993,0.9521027385849502,0.0022594228201706645,0.9999975569625575
blend0.35_delta0.01_pr0.7_scale0.75,0.35,0.01,0.7,0.75,51,0.9780824639366521,0.0007189072609633529,0.9132130550998836,0.273972602739726,0.5068493150684932,0.15524729835150838,0.0,0.4743265993265993,0.9521027385849502,0.0022594228201706645,0.9999976103034015
blend0.35_delta0_pr0_scale0.75,0.35,0.0,0.0,0.75,323,0.9780577065589536,0.0006941498832648829,0.9134564083068704,0.273972602739726,0.5068493150684932,0.15524729835150838,0.0,0.4743265993265993,0.9520249296836117,0.0021816139188322037,0.9999927970468512
blend0.35_delta0_pr0.25_scale0.75,0.35,0.0,0.25,0.75,276,0.9780577065589536,0.0006941498832648829,0.9134564083068704,0.273972602739726,0.5068493150684932,0.15524729835150838,0.0,0.4743265993265993,0.9520249296836117,0.0021816139188322037,0.9999929724299091
blend0.35_delta0_pr0.5_scale0.75,0.35,0.0,0.5,0.75,197,0.9780577065589536,0.0006941498832648829,0.9134566384281063,0.273972602739726,0.5068493150684932,0.15524729835150838,0.0,0.4743265993265993,0.9520249296836117,0.0021816139188322037,0.9999937179075172
blend0.35_delta0_pr0.7_scale0.75,0.35,0.0,0.7,0.75,113,0.9780577065589536,0.0006941498832648829,0.9132871541378502,0.273972602739726,0.5068493150684932,0.15524729835150838,0.0,0.4743265993265993,0.9520249296836117,0.0021816139188322037,0.9999975505157153
blend0.35_delta0_pr0.85_scale0.75,0.35,0.0,0.85,0.75,54,0.9773635566756887,0.0,0.9129184999179043,0.273972602739726,0.5068493150684932,0.15524729835150838,0.0,0.4743265993265993,0.9498433157647795,0.0,0.9999988501969224
blend0.35_delta0_pr0.85_scale1,0.35,0.0,0.85,1.0,54,0.9773635566756887,0.0,0.9129480704967201,0.273972602739726,0.5068493150684932,0.15524729835150838,0.0,0.4743265993265993,0.9498433157647795,0.0,0.9999979558919745
blend0.35_delta0_pr0.85_scale1.25,0.35,0.0,0.85,1.25,54,0.9773635566756887,0.0,0.9129797121666593,0.273972602739726,0.5068493150684932,0.15524729835150838,0.0,0.4743265993265993,0.9498433157647795,0.0,0.9999968060610853
blend0.5_delta0_pr0.85_scale0.75,0.5,0.0,0.85,0.75,54,0.9773635566756887,0.0,0.912957505467393,0.273972602739726,0.5068493150684932,0.15524729835150838,0.0,0.4743265993265993,0.9498433157647795,0.0,0.9999976534431028
blend0.5_delta0_pr0.85_scale1,0.5,0.0,0.85,1.0,54,0.9773635566756887,0.0,0.9130005381385102,0.273972602739726,0.5068493150684932,0.15524729835150838,0.0,0.4743265993265993,0.9498433157647795,0.0,0.9999958283068846
blend0.7_delta0_pr0.85_scale0.75,0.7,0.0,0.85,0.75,54,0.9773635566756887,0.0,0.913009742987947,0.273972602739726,0.5068493150684932,0.15524729835150838,0.0,0.4743265993265993,0.9498433157647795,0.0,0.999995400700744
blend0.35_delta0.0025_pr0.85_scale1.25,0.35,0.0025,0.85,1.25,49,0.9773635566756887,0.0,0.9129754549237947,0.273972602739726,0.5068493150684932,0.15524729835150838,0.0,0.4743265993265993,0.9498433157647795,0.0,0.9999968064661552
blend0.35_delta0.0025_pr0.85_scale1,0.35,0.0025,0.85,1.0,47,0.9773635566756887,0.0,0.9129410517990245,0.273972602739726,0.5068493150684932,0.15524729835150838,0.0,0.4743265993265993,0.9498433157647795,0.0,0.9999979564935761
blend0.5_delta0.0025_pr0.85_scale1,0.5,0.0025,0.85,1.0,47,0.9773635566756887,0.0,0.9129902977435117,0.273972602739726,0.5068493150684932,0.15524729835150838,0.0,0.4743265993265993,0.9498433157647795,0.0,0.9999958295327088
blend0.35_delta0.0025_pr0.85_scale0.75,0.35,0.0025,0.85,0.75,46,0.9773635566756887,0.0,0.9129134372507139,0.273972602739726,0.5068493150684932,0.15524729835150838,0.0,0.4743265993265993,0.9498433157647795,0.0,0.9999988507030294
blend0.5_delta0.0025_pr0.85_scale0.75,0.5,0.0025,0.85,0.75,46,0.9773635566756887,0.0,0.9129499114666075,0.273972602739726,0.5068493150684932,0.15524729835150838,0.0,0.4743265993265993,0.9498433157647795,0.0,0.9999976544749878
blend0.7_delta0.0025_pr0.85_scale0.75,0.7,0.0025,0.85,0.75,46,0.9773635566756887,0.0,0.9129990423504767,0.273972602739726,0.5068493150684932,0.15524729835150838,0.0,0.4743265993265993,0.9498433157647795,0.0,0.9999954027206511
blend0.35_delta0.005_pr0.85_scale1.25,0.35,0.005,0.85,1.25,45,0.9773635566756887,0.0,0.9129715428627841,0.273972602739726,0.5068493150684932,0.15524729835150838,0.0,0.4743265993265993,0.9498433157647795,0.0,0.9999968081851122
blend0.35_delta0.005_pr0.85_scale0.75,0.35,0.005,0.85,0.75,39,0.9773635566756887,0.0,0.9129004354008844,0.273972602739726,0.5068493150684932,0.15524729835150838,0.0,0.4743265993265993,0.9498433157647795,0.0,0.99999885333026
blend0.35_delta0.005_pr0.85_scale1,0.35,0.005,0.85,1.0,39,0.9773635566756887,0.0,0.9129236776457125,0.273972602739726,0.5068493150684932,0.15524729835150838,0.0,0.4743265993265993,0.9498433157647795,0.0,0.9999979614598304
blend0.5_delta0.005_pr0.85_scale0.75,0.5,0.005,0.85,0.75,39,0.9773635566756887,0.0,0.912930926464644,0.273972602739726,0.5068493150684932,0.15524729835150838,0.0,0.4743265993265993,0.9498433157647795,0.0,0.9999976598339461
blend0.5_delta0.005_pr0.85_scale1,0.5,0.005,0.85,1.0,39,0.9773635566756887,0.0,0.9129645241650886,0.273972602739726,0.5068493150684932,0.15524729835150838,0.0,0.4743265993265993,0.9498433157647795,0.0,0.9999958396610087
blend0.7_delta0.005_pr0.85_scale0.75,0.7,0.005,0.85,0.75,39,0.9773635566756887,0.0,0.9129721181658739,0.273972602739726,0.5068493150684932,0.15524729835150838,0.0,0.4743265993265993,0.9498433157647795,0.0,0.9999954132170369
blend0.35_delta0.01_pr0.85_scale1.25,0.35,0.01,0.85,1.25,37,0.9773635566756887,0.0,0.912939671071609,0.273972602739726,0.5068493150684932,0.15524729835150838,0.0,0.4743265993265993,0.9498433157647795,0.0,0.999996820350189
blend0.35_delta0.01_pr0.85_scale1,0.35,0.01,0.85,1.0,34,0.9773635566756887,0.0,0.9129173493117246,0.273972602739726,0.5068493150684932,0.15524729835150838,0.0,0.4743265993265993,0.9498433157647795,0.0,0.9999979738873187
blend0.5_delta0.01_pr0.85_scale1,0.5,0.01,0.85,1.0,34,0.9773635566756887,0.0,0.9129548590731799,0.273972602739726,0.5068493150684932,0.15524729835150838,0.0,0.4743265993265993,0.9498433157647795,0.0,0.999995865016798
blend0.35_delta0.01_pr0.85_scale0.75,0.35,0.01,0.85,0.75,30,0.9773635566756887,0.0,0.9128844419749879,0.273972602739726,0.5068493150684932,0.15524729835150838,0.0,0.4743265993265993,0.9498433157647795,0.0,0.9999988735687975
blend0.5_delta0.01_pr0.85_scale0.75,0.5,0.01,0.85,0.75,30,0.9773635566756887,0.0,0.9129076842198159,0.273972602739726,0.5068493150684932,0.15524729835150838,0.0,0.4743265993265993,0.9498433157647795,0.0,0.9999977011327501
blend0.7_delta0.01_pr0.85_scale0.75,0.7,0.01,0.85,0.75,30,0.9773635566756887,0.0,0.9129384054048114,0.273972602739726,0.5068493150684932,0.15524729835150838,0.0,0.4743265993265993,0.9498433157647795,0.0,0.999995494151206
blend0.5_delta0_pr0.85_scale1.25,0.5,0.0,0.85,1.25,54,0.9773308790729177,-3.267760277103626e-05,0.9130409244154144,0.273972602739726,0.5068493150684932,0.15524729835150838,0.0,0.4743265993265993,0.9497406147274992,-0.00010270103728038382,0.9999934816777147
blend0.7_delta0_pr0.85_scale1,0.7,0.0,0.85,1.0,54,0.9773308790729177,-3.267760277103626e-05,0.9130660076301298,0.273972602739726,0.5068493150684932,0.15524729835150838,0.0,0.4743265993265993,0.9497406147274992,-0.00010270103728038382,0.9999918233806137
blend0.7_delta0_pr0.85_scale1.25,0.7,0.0,0.85,1.25,54,0.9773308790729177,-3.267760277103626e-05,0.9131242283028179,0.273972602739726,0.5068493150684932,0.15524729835150838,0.0,0.4743265993265993,0.9497406147274992,-0.00010270103728038382,0.9999872239152713
blend0.85_delta0_pr0.85_scale0.75,0.85,0.0,0.85,0.75,54,0.9773308790729177,-3.267760277103626e-05,0.9130456419007508,0.273972602739726,0.5068493150684932,0.15524729835150838,0.0,0.4743265993265993,0.9497406147274992,-0.00010270103728038382,0.9999932183323987
blend0.85_delta0_pr0.85_scale1,0.85,0.0,0.85,1.0,54,0.9773308790729177,-3.267760277103626e-05,0.9131172096051223,0.273972602739726,0.5068493150684932,0.15524729835150838,0.0,0.4743265993265993,0.9497406147274992,-0.00010270103728038382,0.9999879435624308
blend1_delta0_pr0.85_scale0.75,1.0,0.0,0.85,0.75,54,0.9773308790729177,-3.267760277103626e-05,0.9130814257529365,0.273972602739726,0.5068493150684932,0.15524729835150838,0.0,0.4743265993265993,0.9497406147274992,-0.00010270103728038382,0.999990613548669
blend0.5_delta0.0025_pr0.85_scale1.25,0.5,0.0025,0.85,1.25,49,0.9773308790729177,-3.267760277103626e-05,0.9130347111420445,0.273972602739726,0.5068493150684932,0.15524729835150838,0.0,0.4743265993265993,0.9497406147274992,-0.00010270103728038382,0.9999934825029011
blend0.7_delta0.0025_pr0.85_scale1.25,0.7,0.0025,0.85,1.25,49,0.9773308790729177,-3.267760277103626e-05,0.9131143330896733,0.273972602739726,0.5068493150684932,0.15524729835150838,0.0,0.4743265993265993,0.9497406147274992,-0.00010270103728038382,0.9999872255287411
blend0.7_delta0.0025_pr0.85_scale1,0.7,0.0025,0.85,1.0,47,0.9773308790729177,-3.267760277103626e-05,0.9130512798710309,0.273972602739726,0.5068493150684932,0.15524729835150838,0.0,0.4743265993265993,0.9497406147274992,-0.00010270103728038382,0.999991825778166
blend0.85_delta0.0025_pr0.85_scale1,0.85,0.0025,0.85,1.0,47,0.9773308790729177,-3.267760277103626e-05,0.9130984547243948,0.273972602739726,0.5068493150684932,0.15524729835150838,0.0,0.4743265993265993,0.9497406147274992,-0.00010270103728038382,0.99998794709199
blend0.85_delta0.0025_pr0.85_scale0.75,0.85,0.0025,0.85,0.75,46,0.9773308790729177,-3.267760277103626e-05,0.9130321798084494,0.273972602739726,0.5068493150684932,0.15524729835150838,0.0,0.4743265993265993,0.9497406147274992,-0.00010270103728038382,0.9999932213078663
blend1_delta0.0025_pr0.85_scale0.75,1.0,0.0025,0.85,0.75,46,0.9773308790729177,-3.267760277103626e-05,0.913065317266422,0.273972602739726,0.5068493150684932,0.15524729835150838,0.0,0.4743265993265993,0.9497406147274992,-0.00010270103728038382,0.9999906176629952
blend0.5_delta0.005_pr0.85_scale1.25,0.5,0.005,0.85,1.25,45,0.9773308790729177,-3.267760277103626e-05,0.9130283828080566,0.273972602739726,0.5068493150684932,0.15524729835150838,0.0,0.4743265993265993,0.9497406147274992,-0.00010270103728038382,0.9999934860060559
blend0.7_delta0.005_pr0.85_scale1.25,0.7,0.005,0.85,1.25,45,0.9773308790729177,-3.267760277103626e-05,0.9131060487251801,0.273972602739726,0.5068493150684932,0.15524729835150838,0.0,0.4743265993265993,0.9497406147274992,-0.00010270103728038382,0.999987232382024
blend0.7_delta0.005_pr0.85_scale1,0.7,0.005,0.85,1.0,39,0.9773308790729177,-3.267760277103626e-05,0.9130160713219349,0.273972602739726,0.5068493150684932,0.15524729835150838,0.0,0.4743265993265993,0.9497406147274992,-0.00010270103728038382,0.9999918456114976
blend0.85_delta0.005_pr0.85_scale0.75,0.85,0.005,0.85,0.75,39,0.9773308790729177,-3.267760277103626e-05,0.9129995025929486,0.273972602739726,0.5068493150684932,0.15524729835150838,0.0,0.4743265993265993,0.9497406147274992,-0.00010270103728038382,0.9999932367767245
blend0.85_delta0.005_pr0.85_scale1,0.85,0.005,0.85,1.0,39,0.9773308790729177,-3.267760277103626e-05,0.9130550768714235,0.273972602739726,0.5068493150684932,0.15524729835150838,0.0,0.4743265993265993,0.9497406147274992,-0.00010270103728038382,0.9999879763159031
blend1_delta0.005_pr0.85_scale0.75,1.0,0.005,0.85,0.75,39,0.9773308790729177,-3.267760277103626e-05,0.9130272322018771,0.273972602739726,0.5068493150684932,0.15524729835150838,0.0,0.4743265993265993,0.9497406147274992,-0.00010270103728038382,0.9999906390621435
blend0.5_delta0.01_pr0.85_scale1.25,0.5,0.01,0.85,1.25,37,0.9773308790729177,-3.267760277103626e-05,0.9129837392882879,0.273972602739726,0.5068493150684932,0.15524729835150838,0.0,0.4743265993265993,0.9497406147274992,-0.00010270103728038382,0.9999935108177785
blend0.7_delta0.01_pr0.85_scale1.25,0.7,0.01,0.85,1.25,37,0.9773308790729177,-3.267760277103626e-05,0.9130446063551891,0.273972602739726,0.5068493150684932,0.15524729835150838,0.0,0.4743265993265993,0.9497406147274992,-0.00010270103728038382,0.9999872809736251
blend0.7_delta0.01_pr0.85_scale1,0.7,0.01,0.85,1.0,34,0.9773308790729177,-3.267760277103626e-05,0.9130026092296335,0.273972602739726,0.5068493150684932,0.15524729835150838,0.0,0.4743265993265993,0.9497406147274992,-0.00010270103728038382,0.9999918952918574
blend0.85_delta0.01_pr0.85_scale1,0.85,0.01,0.85,1.0,34,0.9773308790729177,-3.267760277103626e-05,0.9130401189910887,0.273972602739726,0.5068493150684932,0.15524729835150838,0.0,0.4743265993265993,0.9497406147274992,-0.00010270103728038382,0.9999880495501073
blend0.85_delta0.01_pr0.85_scale0.75,0.85,0.01,0.85,0.75,30,0.9773308790729177,-3.267760277103626e-05,0.9129601518616061,0.273972602739726,0.5068493150684932,0.15524729835150838,0.0,0.4743265993265993,0.9497406147274992,-0.00010270103728038382,0.9999933561004545
blend1_delta0.01_pr0.85_scale0.75,1.0,0.01,0.85,0.75,30,0.9773308790729177,-3.267760277103626e-05,0.9129810928940748,0.273972602739726,0.5068493150684932,0.15524729835150838,0.0,0.4743265993265993,0.9497406147274992,-0.00010270103728038382,0.9999908041980616
blend0.85_delta0_pr0.85_scale1.25,0.85,0.0,0.85,1.25,54,0.9772982014701466,-6.535520554218355e-05,0.9131892375519657,0.273972602739726,0.5068493150684932,0.15524729835150838,0.0,0.4743265993265993,0.9496379136902187,-0.00020540207456087867,0.9999811616407429
blend1_delta0_pr0.85_scale1,1.0,0.0,0.85,1.0,54,0.9772982014701466,-6.535520554218355e-05,0.9131673760345531,0.273972602739726,0.5068493150684932,0.15524729835150838,0.0,0.4743265993265993,0.9496379136902187,-0.00020540207456087867,0.9999833127754908
blend0.85_delta0.0025_pr0.85_scale1.25,0.85,0.0025,0.85,1.25,49,0.9772982014701466,-6.535520554218355e-05,0.9131772712476978,0.273972602739726,0.5068493150684932,0.15524729835150838,0.0,0.4743265993265993,0.9496379136902187,-0.00020540207456087867,0.9999811640154714
blend1_delta0.0025_pr0.85_scale1,1.0,0.0025,0.85,1.0,47,0.9772982014701466,-6.535520554218355e-05,0.9131455145171407,0.273972602739726,0.5068493150684932,0.15524729835150838,0.0,0.4743265993265993,0.9496379136902187,-0.00020540207456087867,0.9999833176529193
blend0.85_delta0.005_pr0.85_scale1.25,0.85,0.005,0.85,1.25,45,0.9772982014701466,-6.535520554218355e-05,0.9131664555496095,0.273972602739726,0.5068493150684932,0.15524729835150838,0.0,0.4743265993265993,0.9496379136902187,-0.00020540207456087867,0.9999811741062609
blend1_delta0.005_pr0.85_scale1,1.0,0.005,0.85,1.0,39,0.9772982014701466,-6.535520554218355e-05,0.9130938522996763,0.273972602739726,0.5068493150684932,0.15524729835150838,0.0,0.4743265993265993,0.9496379136902187,-0.00020540207456087867,0.9999833580732863
blend0.85_delta0.01_pr0.85_scale1.25,0.85,0.01,0.85,1.25,37,0.9772982014701466,-6.535520554218355e-05,0.9130910908448453,0.273972602739726,0.5068493150684932,0.15524729835150838,0.0,0.4743265993265993,0.9496379136902187,-0.00020540207456087867,0.9999812457102406
blend1_delta0.01_pr0.85_scale1,1.0,0.01,0.85,1.0,34,0.9772982014701466,-6.535520554218355e-05,0.9130757877826565,0.273972602739726,0.5068493150684932,0.15524729835150838,0.0,0.4743265993265993,0.9496379136902187,-0.00020540207456087867,0.9999834594090139
blend1_delta0_pr0.85_scale1.25,1.0,0.0,0.85,1.25,54,0.9772328462646045,-0.00013071041108425607,0.9132536714980236,0.273972602739726,0.5068493150684932,0.15524729835150838,0.0,0.4743265993265993,0.9494325116156578,-0.00041080414912175733,0.9999739259809102
blend1_delta0.0025_pr0.85_scale1.25,1.0,0.0025,0.85,1.25,49,0.9772328462646045,-0.00013071041108425607,0.9132404395269582,0.273972602739726,0.5068493150684932,0.15524729835150838,0.0,0.4743265993265993,0.9494325116156578,-0.00041080414912175733,0.9999739292617419
blend1_delta0.005_pr0.85_scale1.25,1.0,0.005,0.85,1.25,45,0.9772328462646045,-0.00013071041108425607,0.9132274376771287,0.273972602739726,0.5068493150684932,0.15524729835150838,0.0,0.4743265993265993,0.9494325116156578,-0.00041080414912175733,0.9999739432083832
blend1_delta0.01_pr0.85_scale1.25,1.0,0.01,0.85,1.25,37,0.9772328462646045,-0.00013071041108425607,0.9131379205163552,0.273972602739726,0.5068493150684932,0.15524729835150838,0.0,0.4743265993265993,0.9494325116156578,-0.00041080414912175733,0.9999740422532092
