artifact_id,artifact_path,artifact_type,source_notebook_or_script,exp_id,has_oof,has_test_pred,has_submission,has_runtime,provenance_status,notes
a0001,birdclef-2026/data/sample_submission.csv,submission_or_test_prediction_csv,,,False,True,True,False,project_level,
a0002,birdclef-2026/data/taxonomy.csv,csv,,,False,False,False,False,project_level,
a0003,birdclef-2026/data/train.csv,csv,,,False,False,False,False,project_level,
a0004,birdclef-2026/data/train_soundscapes_labels.csv,csv,,,False,False,False,False,project_level,
a0005,birdclef-2026/notebooks/_public_amul_yous_sedheavy_w090/bc26-yous-sedheavy-w090-20260517.ipynb,notebook,birdclef-2026/notebooks/_public_amul_yous_sedheavy_w090/bc26-yous-sedheavy-w090-20260517.ipynb,_public_amul_yous_sedheavy_w090,False,False,False,False,linked_to_exp,
a0006,birdclef-2026/notebooks/_public_amul_yous_sedheavy_w090/kernel-metadata.json,kernel_metadata,birdclef-2026/notebooks/_public_amul_yous_sedheavy_w090/bc26-yous-sedheavy-w090-20260517.ipynb,_public_amul_yous_sedheavy_w090,False,False,False,False,linked_to_exp,
a0007,birdclef-2026/notebooks/_public_kotata_youssef_a1_rankblend_sedup/birdclef-2026-youssef-a1-rankblend-sedup.ipynb,notebook,birdclef-2026/notebooks/_public_kotata_youssef_a1_rankblend_sedup/birdclef-2026-youssef-a1-rankblend-sedup.ipynb,_public_kotata_youssef_a1_rankblend_sedup,False,False,False,False,linked_to_exp,
a0008,birdclef-2026/notebooks/_public_kotata_youssef_a1_rankblend_sedup/kernel-metadata.json,kernel_metadata,birdclef-2026/notebooks/_public_kotata_youssef_a1_rankblend_sedup/birdclef-2026-youssef-a1-rankblend-sedup.ipynb,_public_kotata_youssef_a1_rankblend_sedup,False,False,False,False,linked_to_exp,
a0009,birdclef-2026/notebooks/_public_kotata_youssef_b1c1_smooth_spike/birdclef-2026-youssef-b1c1-smooth-spike.ipynb,notebook,birdclef-2026/notebooks/_public_kotata_youssef_b1c1_smooth_spike/birdclef-2026-youssef-b1c1-smooth-spike.ipynb,_public_kotata_youssef_b1c1_smooth_spike,False,False,False,False,linked_to_exp,
a0010,birdclef-2026/notebooks/_public_kotata_youssef_b1c1_smooth_spike/kernel-metadata.json,kernel_metadata,birdclef-2026/notebooks/_public_kotata_youssef_b1c1_smooth_spike/birdclef-2026-youssef-b1c1-smooth-spike.ipynb,_public_kotata_youssef_b1c1_smooth_spike,False,False,False,False,linked_to_exp,
a0011,birdclef-2026/notebooks/_public_sunderekkiz_exp019_eos4_rank_power_06/birdclef-2026-exp019-eos4-rank-power-06.ipynb,notebook,birdclef-2026/notebooks/_public_sunderekkiz_exp019_eos4_rank_power_06/birdclef-2026-exp019-eos4-rank-power-06.ipynb,_public_sunderekkiz_exp019_eos4_rank_power_06,False,False,False,False,linked_to_exp,
a0012,birdclef-2026/notebooks/_public_sunderekkiz_exp019_eos4_rank_power_06/kernel-metadata.json,kernel_metadata,birdclef-2026/notebooks/_public_sunderekkiz_exp019_eos4_rank_power_06/birdclef-2026-exp019-eos4-rank-power-06.ipynb,_public_sunderekkiz_exp019_eos4_rank_power_06,False,False,False,False,linked_to_exp,
a0013,birdclef-2026/notebooks/_public_vyanktesh_protossm_sed_0948/birdclef-2026-protossm-sed-0-948.ipynb,notebook,birdclef-2026/notebooks/_public_vyanktesh_protossm_sed_0948/birdclef-2026-protossm-sed-0-948.ipynb,_public_vyanktesh_protossm_sed_0948,False,False,False,False,linked_to_exp,
a0014,birdclef-2026/notebooks/_public_vyanktesh_protossm_sed_0948/kernel-metadata.json,kernel_metadata,birdclef-2026/notebooks/_public_vyanktesh_protossm_sed_0948/birdclef-2026-protossm-sed-0-948.ipynb,_public_vyanktesh_protossm_sed_0948,False,False,False,False,linked_to_exp,
a0015,birdclef-2026/notebooks/baseline.ipynb,notebook,,baseline.ipynb,False,False,False,False,linked_to_exp,
a0016,birdclef-2026/notebooks/fork-starter/kernel-metadata.json,kernel_metadata,birdclef-2026/notebooks/fork-starter/perch-v2-starter-train-infer.ipynb,fork-starter,False,False,False,False,linked_to_exp,
a0017,birdclef-2026/notebooks/fork-starter/perch-v2-starter-train-infer.ipynb,notebook,birdclef-2026/notebooks/fork-starter/perch-v2-starter-train-infer.ipynb,fork-starter,False,False,False,False,linked_to_exp,
a0018,birdclef-2026/notebooks/my-baseline/baseline.ipynb,notebook,birdclef-2026/notebooks/my-baseline/baseline.ipynb,my-baseline,False,False,False,False,linked_to_exp,
a0019,birdclef-2026/notebooks/my-baseline/kernel-metadata.json,kernel_metadata,birdclef-2026/notebooks/my-baseline/baseline.ipynb,my-baseline,False,False,False,False,linked_to_exp,
a0020,birdclef-2026/notebooks/onnx-perch-seq/birdclef-2026-onnx-perch-sequence-modeling.ipynb,notebook,birdclef-2026/notebooks/onnx-perch-seq/birdclef-2026-onnx-perch-sequence-modeling.ipynb,onnx-perch-seq,False,False,False,False,linked_to_exp,
a0021,birdclef-2026/notebooks/onnx-perch-seq/kernel-metadata.json,kernel_metadata,birdclef-2026/notebooks/onnx-perch-seq/birdclef-2026-onnx-perch-sequence-modeling.ipynb,onnx-perch-seq,False,False,False,False,linked_to_exp,
a0022,birdclef-2026/notebooks/public-references/adarsh-v54-lb-0948-swap/birdclef-2026-v54-lb-0948-swap.ipynb,notebook,,public-references,False,False,False,False,linked_to_exp,
a0023,birdclef-2026/notebooks/public-references/adarsh-v54-lb-0948-swap/kernel-metadata.json,kernel_metadata,,public-references,False,False,False,False,linked_to_exp,
a0024,birdclef-2026/notebooks/public-references/adarsh5harma-birdclef-2026-v53-svanik-fusion/birdclef-2026-v53-svanik-fusion.ipynb,notebook,,public-references,False,False,False,False,linked_to_exp,
a0025,birdclef-2026/notebooks/public-references/adarsh5harma-birdclef-2026-v53-svanik-fusion/kernel-metadata.json,kernel_metadata,,public-references,False,False,False,False,linked_to_exp,
a0026,birdclef-2026/notebooks/public-references/adarsh5harma-birdclef-2026-v54-tta/birdclef-2026-v54-tta.ipynb,notebook,,public-references,False,False,False,False,linked_to_exp,
a0027,birdclef-2026/notebooks/public-references/adarsh5harma-birdclef-2026-v54-tta/kernel-metadata.json,kernel_metadata,,public-references,False,False,False,False,linked_to_exp,
a0028,birdclef-2026/notebooks/public-references/chaneyma-bc26-gate-v53-eos4-shared-perch-no-birdnet-scan/bc26-gate-v53-eos4-shared-perch-no-birdnet-scan.ipynb,notebook,,public-references,False,False,False,False,linked_to_exp,
a0029,birdclef-2026/notebooks/public-references/chaneyma-bc26-gate-v53-eos4-shared-perch-no-birdnet-scan/kernel-metadata.json,kernel_metadata,,public-references,False,False,False,False,linked_to_exp,
a0030,birdclef-2026/notebooks/public-references/chaneyma-bc26-gate-v54-v38-eos4-light-post/bc26-gate-v54-v38-eos4-light-post.ipynb,notebook,,public-references,False,False,False,False,linked_to_exp,
a0031,birdclef-2026/notebooks/public-references/chaneyma-bc26-gate-v54-v38-eos4-light-post/kernel-metadata.json,kernel_metadata,,public-references,False,False,False,False,linked_to_exp,
a0032,birdclef-2026/notebooks/public-references/cliff376-bc26-public-gate-combo-pc010-v2/bc26-public-gate-combo-pc010-v2.ipynb,notebook,,public-references,False,False,False,False,linked_to_exp,
a0033,birdclef-2026/notebooks/public-references/cliff376-bc26-public-gate-combo-pc010-v2/kernel-metadata.json,kernel_metadata,,public-references,False,False,False,False,linked_to_exp,
a0034,birdclef-2026/notebooks/public-references/franksunp-birdclef-2026-5-branch-v4-tta-fix/birdclef-2026-5-branch-v4-tta-fix.ipynb,notebook,,public-references,False,False,False,False,linked_to_exp,
a0035,birdclef-2026/notebooks/public-references/franksunp-birdclef-2026-5-branch-v4-tta-fix/kernel-metadata.json,kernel_metadata,,public-references,False,False,False,False,linked_to_exp,
a0036,birdclef-2026/notebooks/public-references/junseong-safar1-tweak-f-only/birdclef-2026-safar1-fork-tweak-f-only.py,script,,public-references,False,False,False,False,linked_to_exp,
a0037,birdclef-2026/notebooks/public-references/junseong-safar1-tweak-f-only/kernel-metadata.json,kernel_metadata,,public-references,False,False,False,False,linked_to_exp,
a0038,birdclef-2026/notebooks/public-references/karnak-power-optimization/kernel-metadata.json,kernel_metadata,,public-references,False,False,False,False,linked_to_exp,
a0039,birdclef-2026/notebooks/public-references/karnak-power-optimization/power-optimization.ipynb,notebook,,public-references,False,False,False,False,linked_to_exp,
a0040,birdclef-2026/notebooks/public-references/kruzzcc-bc26-safar-0947-birdnet/bc26-safar-0947-birdnet.ipynb,notebook,,public-references,False,False,False,False,linked_to_exp,
a0041,birdclef-2026/notebooks/public-references/kruzzcc-bc26-safar-0947-birdnet/kernel-metadata.json,kernel_metadata,,public-references,False,False,False,False,linked_to_exp,
a0042,birdclef-2026/notebooks/public-references/lucataco-bc26-scoredesc-conservative-ensemble/bc26-scoredesc-conservative-ensemble.py,script,,public-references,False,False,False,False,linked_to_exp,
a0043,birdclef-2026/notebooks/public-references/lucataco-bc26-scoredesc-conservative-ensemble/kernel-metadata.json,kernel_metadata,,public-references,False,False,False,False,linked_to_exp,
a0044,birdclef-2026/notebooks/public-references/meenalsinha-birdclef-2026-improved/birdclef-2026-improved.ipynb,notebook,,public-references,False,False,False,False,linked_to_exp,
a0045,birdclef-2026/notebooks/public-references/meenalsinha-birdclef-2026-improved/kernel-metadata.json,kernel_metadata,,public-references,False,False,False,False,linked_to_exp,
a0046,birdclef-2026/notebooks/public-references/mtoshi-test-0948/kernel-metadata.json,kernel_metadata,,public-references,False,False,False,False,linked_to_exp,
a0047,birdclef-2026/notebooks/public-references/mtoshi-test-0948/test-0-948.ipynb,notebook,,public-references,False,False,False,False,linked_to_exp,
a0048,birdclef-2026/notebooks/public-references/mtoshi-visual-cpu-inference/birdclef-2026-visual-cpu-inference.ipynb,notebook,,public-references,False,False,False,False,linked_to_exp,
a0049,birdclef-2026/notebooks/public-references/mtoshi-visual-cpu-inference/kernel-metadata.json,kernel_metadata,,public-references,False,False,False,False,linked_to_exp,
a0050,birdclef-2026/notebooks/public-references/mtoshidesu-lb-improved/kernel-metadata.json,kernel_metadata,,public-references,False,False,False,False,linked_to_exp,
a0051,birdclef-2026/notebooks/public-references/mtoshidesu-lb-improved/lb-improved.ipynb,notebook,,public-references,False,False,False,False,linked_to_exp,
a0052,birdclef-2026/notebooks/public-references/nina2025-birdclef-2026-eos-1/birdclef-2026-eos-1.ipynb,notebook,,public-references,False,False,False,False,linked_to_exp,
a0053,birdclef-2026/notebooks/public-references/nina2025-birdclef-2026-eos-1/kernel-metadata.json,kernel_metadata,,public-references,False,False,False,False,linked_to_exp,
a0054,birdclef-2026/notebooks/public-references/nina2025-birdclef-2026-eos-4/birdclef-2026-eos-4.ipynb,notebook,,public-references,False,False,False,False,linked_to_exp,
a0055,birdclef-2026/notebooks/public-references/nina2025-birdclef-2026-eos-4/kernel-metadata.json,kernel_metadata,,public-references,False,False,False,False,linked_to_exp,
a0056,birdclef-2026/notebooks/public-references/nina2025-eos5/birdclef-2026-eos-5.ipynb,notebook,,public-references,False,False,False,False,linked_to_exp,
a0057,birdclef-2026/notebooks/public-references/nina2025-eos5/kernel-metadata.json,kernel_metadata,,public-references,False,False,False,False,linked_to_exp,
a0058,birdclef-2026/notebooks/public-references/pilkwang-948-time-window-rank-fusion/948-birdclef-26-acoustic-time-window-rank-fusion.ipynb,notebook,,public-references,False,False,False,False,linked_to_exp,
a0059,birdclef-2026/notebooks/public-references/pilkwang-948-time-window-rank-fusion/kernel-metadata.json,kernel_metadata,,public-references,False,False,False,False,linked_to_exp,
a0060,birdclef-2026/notebooks/public-references/raunakdey07-birdclef-2026-deep-protossm-sed-dynamic-blend/birdclef-2026-deep-protossm-sed-dynamic-blend.ipynb,notebook,,public-references,False,False,False,False,linked_to_exp,
a0061,birdclef-2026/notebooks/public-references/raunakdey07-birdclef-2026-deep-protossm-sed-dynamic-blend/kernel-metadata.json,kernel_metadata,,public-references,False,False,False,False,linked_to_exp,
a0062,birdclef-2026/notebooks/public-references/vyankteshdwivedi-protossm-sed-0948/birdclef-2026-protossm-sed-0-948.ipynb,notebook,,public-references,False,False,False,False,linked_to_exp,
a0063,birdclef-2026/notebooks/public-references/vyankteshdwivedi-protossm-sed-0948/kernel-metadata.json,kernel_metadata,,public-references,False,False,False,False,linked_to_exp,
a0064,birdclef-2026/notebooks/public-references/yaroslav-birdnet-site-hour/birdnet-third-branch-site-hour-prior-restore.ipynb,notebook,,public-references,False,False,False,False,linked_to_exp,
a0065,birdclef-2026/notebooks/public-references/yaroslav-birdnet-site-hour/kernel-metadata.json,kernel_metadata,,public-references,False,False,False,False,linked_to_exp,
a0066,birdclef-2026/notebooks/public-references/youssef-lb-0948/kernel-metadata.json,kernel_metadata,,public-references,False,False,False,False,linked_to_exp,
a0067,birdclef-2026/notebooks/public-references/youssef-lb-0948/lb-0-948.ipynb,notebook,,public-references,False,False,False,False,linked_to_exp,
a0068,birdclef-2026/notebooks/public-references/zeyad-eos-parity-inference/birdclef-2026-eos-parity-inference.ipynb,notebook,,public-references,False,False,False,False,linked_to_exp,
a0069,birdclef-2026/notebooks/public-references/zeyad-eos-parity-inference/kernel-metadata.json,kernel_metadata,,public-references,False,False,False,False,linked_to_exp,
a0070,birdclef-2026/notebooks/starter-perch-v2/kernel-metadata.json,kernel_metadata,birdclef-2026/notebooks/starter-perch-v2/perch-v2-starter-train-infer.ipynb,starter-perch-v2,False,False,False,False,linked_to_exp,
a0071,birdclef-2026/notebooks/starter-perch-v2/notebooks/onnx-perch-seq/birdclef-2026-onnx-perch-sequence-modeling.ipynb,notebook,birdclef-2026/notebooks/starter-perch-v2/perch-v2-starter-train-infer.ipynb,starter-perch-v2,False,False,False,False,linked_to_exp,
a0072,birdclef-2026/notebooks/starter-perch-v2/notebooks/onnx-perch-seq/kernel-metadata.json,kernel_metadata,birdclef-2026/notebooks/starter-perch-v2/perch-v2-starter-train-infer.ipynb,starter-perch-v2,False,False,False,False,linked_to_exp,
a0073,birdclef-2026/notebooks/starter-perch-v2/perch-v2-starter-train-infer.ipynb,notebook,birdclef-2026/notebooks/starter-perch-v2/perch-v2-starter-train-infer.ipynb,starter-perch-v2,False,False,False,False,linked_to_exp,
a0074,birdclef-2026/notebooks/top1-pantanal-distill/kernel-metadata.json,kernel_metadata,birdclef-2026/notebooks/top1-pantanal-distill/pantanal-distill-birdclef2026-onnx.ipynb,top1-pantanal-distill,False,False,False,False,linked_to_exp,
a0075,birdclef-2026/notebooks/top1-pantanal-distill/pantanal-distill-birdclef2026-onnx.ipynb,notebook,birdclef-2026/notebooks/top1-pantanal-distill/pantanal-distill-birdclef2026-onnx.ipynb,top1-pantanal-distill,False,False,False,False,linked_to_exp,
a0076,birdclef-2026/notebooks/v10-original-sedrank/kernel-metadata.json,kernel_metadata,birdclef-2026/notebooks/v10-original-sedrank/submission.ipynb,v10-original-sedrank,False,False,False,False,linked_to_exp,
a0077,birdclef-2026/notebooks/v10-original-sedrank/submission.ipynb,notebook,birdclef-2026/notebooks/v10-original-sedrank/submission.ipynb,v10-original-sedrank,False,False,False,False,linked_to_exp,
a0078,birdclef-2026/notebooks/v101-attributed-alexy-cnn-cpu/birdclef-2026-cnn-infer-dataset.py,script,birdclef-2026/notebooks/v101-attributed-alexy-cnn-cpu/birdclef-2026-cnn-infer-dataset.py,v101-attributed-alexy-cnn-cpu,False,False,False,False,linked_to_exp,
a0079,birdclef-2026/notebooks/v101-attributed-alexy-cnn-cpu/kernel-metadata.json,kernel_metadata,birdclef-2026/notebooks/v101-attributed-alexy-cnn-cpu/birdclef-2026-cnn-infer-dataset.py,v101-attributed-alexy-cnn-cpu,False,False,False,False,linked_to_exp,
a0080,birdclef-2026/notebooks/v102-original-macro-risk-rescue/kernel-metadata.json,kernel_metadata,birdclef-2026/notebooks/v102-original-macro-risk-rescue/submission.ipynb,v102-original-macro-risk-rescue,False,False,False,False,linked_to_exp,
a0081,birdclef-2026/notebooks/v102-original-macro-risk-rescue/submission.ipynb,notebook,birdclef-2026/notebooks/v102-original-macro-risk-rescue/submission.ipynb,v102-original-macro-risk-rescue,False,False,False,False,linked_to_exp,
a0082,birdclef-2026/notebooks/v103-guarded-macro-risk-rescue/kernel-metadata.json,kernel_metadata,birdclef-2026/notebooks/v103-guarded-macro-risk-rescue/submission.ipynb,v103-guarded-macro-risk-rescue,False,False,False,False,linked_to_exp,
a0083,birdclef-2026/notebooks/v103-guarded-macro-risk-rescue/submission.ipynb,notebook,birdclef-2026/notebooks/v103-guarded-macro-risk-rescue/submission.ipynb,v103-guarded-macro-risk-rescue,False,False,False,False,linked_to_exp,
a0084,birdclef-2026/notebooks/v104-perch-only-guarded-rescue/kernel-metadata.json,kernel_metadata,birdclef-2026/notebooks/v104-perch-only-guarded-rescue/submission.ipynb,v104-perch-only-guarded-rescue,False,False,False,False,linked_to_exp,
a0085,birdclef-2026/notebooks/v104-perch-only-guarded-rescue/submission.ipynb,notebook,birdclef-2026/notebooks/v104-perch-only-guarded-rescue/submission.ipynb,v104-perch-only-guarded-rescue,False,False,False,False,linked_to_exp,
a0086,birdclef-2026/notebooks/v105-rankrestored-perch-guarded/kernel-metadata.json,kernel_metadata,birdclef-2026/notebooks/v105-rankrestored-perch-guarded/submission.ipynb,v105-rankrestored-perch-guarded,False,False,False,False,linked_to_exp,
a0087,birdclef-2026/notebooks/v105-rankrestored-perch-guarded/submission.ipynb,notebook,birdclef-2026/notebooks/v105-rankrestored-perch-guarded/submission.ipynb,v105-rankrestored-perch-guarded,False,False,False,False,linked_to_exp,
a0088,birdclef-2026/notebooks/v106-rankdominant-perch-guarded/kernel-metadata.json,kernel_metadata,birdclef-2026/notebooks/v106-rankdominant-perch-guarded/submission.ipynb,v106-rankdominant-perch-guarded,False,False,False,False,linked_to_exp,
a0089,birdclef-2026/notebooks/v106-rankdominant-perch-guarded/submission.ipynb,notebook,birdclef-2026/notebooks/v106-rankdominant-perch-guarded/submission.ipynb,v106-rankdominant-perch-guarded,False,False,False,False,linked_to_exp,
a0090,birdclef-2026/notebooks/v107-rankceiling-perch-guarded/kernel-metadata.json,kernel_metadata,birdclef-2026/notebooks/v107-rankceiling-perch-guarded/submission.ipynb,v107-rankceiling-perch-guarded,False,False,False,False,linked_to_exp,
a0091,birdclef-2026/notebooks/v107-rankceiling-perch-guarded/submission.ipynb,notebook,birdclef-2026/notebooks/v107-rankceiling-perch-guarded/submission.ipynb,v107-rankceiling-perch-guarded,False,False,False,False,linked_to_exp,
a0092,birdclef-2026/notebooks/v108-ecoproto-perch-guarded/kernel-metadata.json,kernel_metadata,birdclef-2026/notebooks/v108-ecoproto-perch-guarded/submission.ipynb,v108-ecoproto-perch-guarded,False,False,False,False,linked_to_exp,
a0093,birdclef-2026/notebooks/v108-ecoproto-perch-guarded/submission.ipynb,notebook,birdclef-2026/notebooks/v108-ecoproto-perch-guarded/submission.ipynb,v108-ecoproto-perch-guarded,False,False,False,False,linked_to_exp,
a0094,birdclef-2026/notebooks/v109-ecoproto-ranklaunch-perch/kernel-metadata.json,kernel_metadata,birdclef-2026/notebooks/v109-ecoproto-ranklaunch-perch/submission.ipynb,v109-ecoproto-ranklaunch-perch,False,False,False,False,linked_to_exp,
a0095,birdclef-2026/notebooks/v109-ecoproto-ranklaunch-perch/submission.ipynb,notebook,birdclef-2026/notebooks/v109-ecoproto-ranklaunch-perch/submission.ipynb,v109-ecoproto-ranklaunch-perch,False,False,False,False,linked_to_exp,
a0096,birdclef-2026/notebooks/v11-original-adaptive/kernel-metadata.json,kernel_metadata,birdclef-2026/notebooks/v11-original-adaptive/submission.ipynb,v11-original-adaptive,False,False,False,False,linked_to_exp,
a0097,birdclef-2026/notebooks/v11-original-adaptive/submission.ipynb,notebook,birdclef-2026/notebooks/v11-original-adaptive/submission.ipynb,v11-original-adaptive,False,False,False,False,linked_to_exp,
a0098,birdclef-2026/notebooks/v110-ecoproto-clean-blend/kernel-metadata.json,kernel_metadata,birdclef-2026/notebooks/v110-ecoproto-clean-blend/submission.ipynb,v110-ecoproto-clean-blend,False,False,False,False,linked_to_exp,
a0099,birdclef-2026/notebooks/v110-ecoproto-clean-blend/submission.ipynb,notebook,birdclef-2026/notebooks/v110-ecoproto-clean-blend/submission.ipynb,v110-ecoproto-clean-blend,False,False,False,False,linked_to_exp,
a0100,birdclef-2026/notebooks/v111-clean-sed-ecoproto-blend/kernel-metadata.json,kernel_metadata,birdclef-2026/notebooks/v111-clean-sed-ecoproto-blend/submission.ipynb,v111-clean-sed-ecoproto-blend,False,False,False,False,linked_to_exp,
a0101,birdclef-2026/notebooks/v111-clean-sed-ecoproto-blend/submission.ipynb,notebook,birdclef-2026/notebooks/v111-clean-sed-ecoproto-blend/submission.ipynb,v111-clean-sed-ecoproto-blend,False,False,False,False,linked_to_exp,
a0102,birdclef-2026/notebooks/v112-clean-sed-remap-ecoproto/kernel-metadata.json,kernel_metadata,birdclef-2026/notebooks/v112-clean-sed-remap-ecoproto/submission.ipynb,v112-clean-sed-remap-ecoproto,False,False,False,False,linked_to_exp,
a0103,birdclef-2026/notebooks/v112-clean-sed-remap-ecoproto/submission.ipynb,notebook,birdclef-2026/notebooks/v112-clean-sed-remap-ecoproto/submission.ipynb,v112-clean-sed-remap-ecoproto,False,False,False,False,linked_to_exp,
a0104,birdclef-2026/notebooks/v113-lantingguo-melnorm-ecoproto/kernel-metadata.json,kernel_metadata,birdclef-2026/notebooks/v113-lantingguo-melnorm-ecoproto/submission.ipynb,v113-lantingguo-melnorm-ecoproto,False,False,False,False,linked_to_exp,
a0105,birdclef-2026/notebooks/v113-lantingguo-melnorm-ecoproto/submission.ipynb,notebook,birdclef-2026/notebooks/v113-lantingguo-melnorm-ecoproto/submission.ipynb,v113-lantingguo-melnorm-ecoproto,False,False,False,False,linked_to_exp,
a0106,birdclef-2026/notebooks/v114-v110-v113-selfblend/kernel-metadata.json,kernel_metadata,birdclef-2026/notebooks/v114-v110-v113-selfblend/submission.ipynb,v114-v110-v113-selfblend,False,False,False,False,linked_to_exp,
a0107,birdclef-2026/notebooks/v114-v110-v113-selfblend/submission.ipynb,notebook,birdclef-2026/notebooks/v114-v110-v113-selfblend/submission.ipynb,v114-v110-v113-selfblend,False,False,False,False,linked_to_exp,
a0108,birdclef-2026/notebooks/v115-tsubasa-snowflake-sed/kernel-metadata.json,kernel_metadata,birdclef-2026/notebooks/v115-tsubasa-snowflake-sed/submission.ipynb,v115-tsubasa-snowflake-sed,False,False,False,False,linked_to_exp,
a0109,birdclef-2026/notebooks/v115-tsubasa-snowflake-sed/submission.ipynb,notebook,birdclef-2026/notebooks/v115-tsubasa-snowflake-sed/submission.ipynb,v115-tsubasa-snowflake-sed,False,False,False,False,linked_to_exp,
a0110,birdclef-2026/notebooks/v116-tsubasa-convnext-sed/kernel-metadata.json,kernel_metadata,birdclef-2026/notebooks/v116-tsubasa-convnext-sed/submission.ipynb,v116-tsubasa-convnext-sed,False,False,False,False,linked_to_exp,
a0111,birdclef-2026/notebooks/v116-tsubasa-convnext-sed/submission.ipynb,notebook,birdclef-2026/notebooks/v116-tsubasa-convnext-sed/submission.ipynb,v116-tsubasa-convnext-sed,False,False,False,False,linked_to_exp,
a0112,birdclef-2026/notebooks/v117-tsubasa-convnext-noremap/kernel-metadata.json,kernel_metadata,birdclef-2026/notebooks/v117-tsubasa-convnext-noremap/submission.ipynb,v117-tsubasa-convnext-noremap,False,False,False,False,linked_to_exp,
a0113,birdclef-2026/notebooks/v117-tsubasa-convnext-noremap/submission.ipynb,notebook,birdclef-2026/notebooks/v117-tsubasa-convnext-noremap/submission.ipynb,v117-tsubasa-convnext-noremap,False,False,False,False,linked_to_exp,
a0114,birdclef-2026/notebooks/v12-oof-blend/kernel-metadata.json,kernel_metadata,birdclef-2026/notebooks/v12-oof-blend/submission.ipynb,v12-oof-blend,False,False,False,False,linked_to_exp,
a0115,birdclef-2026/notebooks/v12-oof-blend/submission.ipynb,notebook,birdclef-2026/notebooks/v12-oof-blend/submission.ipynb,v12-oof-blend,False,False,False,False,linked_to_exp,
a0116,birdclef-2026/notebooks/v13-consensus-rank/kernel-metadata.json,kernel_metadata,birdclef-2026/notebooks/v13-consensus-rank/submission.ipynb,v13-consensus-rank,False,False,False,False,linked_to_exp,
a0117,birdclef-2026/notebooks/v13-consensus-rank/submission.ipynb,notebook,birdclef-2026/notebooks/v13-consensus-rank/submission.ipynb,v13-consensus-rank,False,False,False,False,linked_to_exp,
a0118,birdclef-2026/notebooks/v14-attributed-safe-ensemble/kernel-metadata.json,kernel_metadata,birdclef-2026/notebooks/v14-attributed-safe-ensemble/submission.ipynb,v14-attributed-safe-ensemble,False,False,False,False,linked_to_exp,
a0119,birdclef-2026/notebooks/v14-attributed-safe-ensemble/submission.ipynb,notebook,birdclef-2026/notebooks/v14-attributed-safe-ensemble/submission.ipynb,v14-attributed-safe-ensemble,False,False,False,False,linked_to_exp,
a0120,birdclef-2026/notebooks/v15-sitehour-prior/kernel-metadata.json,kernel_metadata,birdclef-2026/notebooks/v15-sitehour-prior/submission.ipynb,v15-sitehour-prior,False,False,False,False,linked_to_exp,
a0121,birdclef-2026/notebooks/v15-sitehour-prior/submission.ipynb,notebook,birdclef-2026/notebooks/v15-sitehour-prior/submission.ipynb,v15-sitehour-prior,False,False,False,False,linked_to_exp,
a0122,birdclef-2026/notebooks/v16-perch-anchor/kernel-metadata.json,kernel_metadata,birdclef-2026/notebooks/v16-perch-anchor/submission.ipynb,v16-perch-anchor,False,False,False,False,linked_to_exp,
a0123,birdclef-2026/notebooks/v16-perch-anchor/submission.ipynb,notebook,birdclef-2026/notebooks/v16-perch-anchor/submission.ipynb,v16-perch-anchor,False,False,False,False,linked_to_exp,
a0124,birdclef-2026/notebooks/v17-strong-perch-anchor/kernel-metadata.json,kernel_metadata,birdclef-2026/notebooks/v17-strong-perch-anchor/submission.ipynb,v17-strong-perch-anchor,False,False,False,False,linked_to_exp,
a0125,birdclef-2026/notebooks/v17-strong-perch-anchor/submission.ipynb,notebook,birdclef-2026/notebooks/v17-strong-perch-anchor/submission.ipynb,v17-strong-perch-anchor,False,False,False,False,linked_to_exp,
a0126,birdclef-2026/notebooks/v18-fast-onnx/kernel-metadata.json,kernel_metadata,birdclef-2026/notebooks/v18-fast-onnx/submission.ipynb,v18-fast-onnx,False,False,False,False,linked_to_exp,
a0127,birdclef-2026/notebooks/v18-fast-onnx/submission.ipynb,notebook,birdclef-2026/notebooks/v18-fast-onnx/submission.ipynb,v18-fast-onnx,False,False,False,False,linked_to_exp,
a0128,birdclef-2026/notebooks/v19-fast-onnx-3fold/kernel-metadata.json,kernel_metadata,birdclef-2026/notebooks/v19-fast-onnx-3fold/submission.ipynb,v19-fast-onnx-3fold,False,False,False,False,linked_to_exp,
a0129,birdclef-2026/notebooks/v19-fast-onnx-3fold/submission.ipynb,notebook,birdclef-2026/notebooks/v19-fast-onnx-3fold/submission.ipynb,v19-fast-onnx-3fold,False,False,False,False,linked_to_exp,
a0130,birdclef-2026/notebooks/v2-improved/kernel-metadata.json,kernel_metadata,birdclef-2026/notebooks/v2-improved/v2_improved.ipynb,v2-improved,False,False,False,False,linked_to_exp,
a0131,birdclef-2026/notebooks/v2-improved/v2_improved.ipynb,notebook,birdclef-2026/notebooks/v2-improved/v2_improved.ipynb,v2-improved,False,False,False,False,linked_to_exp,
a0132,birdclef-2026/notebooks/v20-fast-onnx-4fold/kernel-metadata.json,kernel_metadata,birdclef-2026/notebooks/v20-fast-onnx-4fold/submission.ipynb,v20-fast-onnx-4fold,False,False,False,False,linked_to_exp,
a0133,birdclef-2026/notebooks/v20-fast-onnx-4fold/submission.ipynb,notebook,birdclef-2026/notebooks/v20-fast-onnx-4fold/submission.ipynb,v20-fast-onnx-4fold,False,False,False,False,linked_to_exp,
a0134,birdclef-2026/notebooks/v21-fast-onnx-5fold/kernel-metadata.json,kernel_metadata,birdclef-2026/notebooks/v21-fast-onnx-5fold/submission.ipynb,v21-fast-onnx-5fold,False,False,False,False,linked_to_exp,
a0135,birdclef-2026/notebooks/v21-fast-onnx-5fold/submission.ipynb,notebook,birdclef-2026/notebooks/v21-fast-onnx-5fold/submission.ipynb,v21-fast-onnx-5fold,False,False,False,False,linked_to_exp,
a0136,birdclef-2026/notebooks/v22-fast-onnx-filemax/kernel-metadata.json,kernel_metadata,birdclef-2026/notebooks/v22-fast-onnx-filemax/submission.ipynb,v22-fast-onnx-filemax,False,False,False,False,linked_to_exp,
a0137,birdclef-2026/notebooks/v22-fast-onnx-filemax/submission.ipynb,notebook,birdclef-2026/notebooks/v22-fast-onnx-filemax/submission.ipynb,v22-fast-onnx-filemax,False,False,False,False,linked_to_exp,
a0138,birdclef-2026/notebooks/v23-fast-onnx-filemax04/kernel-metadata.json,kernel_metadata,birdclef-2026/notebooks/v23-fast-onnx-filemax04/submission.ipynb,v23-fast-onnx-filemax04,False,False,False,False,linked_to_exp,
a0139,birdclef-2026/notebooks/v23-fast-onnx-filemax04/submission.ipynb,notebook,birdclef-2026/notebooks/v23-fast-onnx-filemax04/submission.ipynb,v23-fast-onnx-filemax04,False,False,False,False,linked_to_exp,
a0140,birdclef-2026/notebooks/v24-attributed-public-gate-combo/bc26-public-gate-combo-pc010-v2.ipynb,notebook,birdclef-2026/notebooks/v24-attributed-public-gate-combo/bc26-public-gate-combo-pc010-v2.ipynb,v24-attributed-public-gate-combo,False,False,False,False,linked_to_exp,
a0141,birdclef-2026/notebooks/v24-attributed-public-gate-combo/kernel-metadata.json,kernel_metadata,birdclef-2026/notebooks/v24-attributed-public-gate-combo/bc26-public-gate-combo-pc010-v2.ipynb,v24-attributed-public-gate-combo,False,False,False,False,linked_to_exp,
a0142,birdclef-2026/notebooks/v25-attributed-eos1-benchmark/birdclef-2026-eos-1.ipynb,notebook,birdclef-2026/notebooks/v25-attributed-eos1-benchmark/birdclef-2026-eos-1.ipynb,v25-attributed-eos1-benchmark,False,False,False,False,linked_to_exp,
a0143,birdclef-2026/notebooks/v25-attributed-eos1-benchmark/kernel-metadata.json,kernel_metadata,birdclef-2026/notebooks/v25-attributed-eos1-benchmark/birdclef-2026-eos-1.ipynb,v25-attributed-eos1-benchmark,False,False,False,False,linked_to_exp,
a0144,birdclef-2026/notebooks/v26-attributed-raunak-dynamic-blend/birdclef-2026-deep-protossm-sed-dynamic-blend.ipynb,notebook,birdclef-2026/notebooks/v26-attributed-raunak-dynamic-blend/birdclef-2026-deep-protossm-sed-dynamic-blend.ipynb,v26-attributed-raunak-dynamic-blend,False,False,False,False,linked_to_exp,
a0145,birdclef-2026/notebooks/v26-attributed-raunak-dynamic-blend/kernel-metadata.json,kernel_metadata,birdclef-2026/notebooks/v26-attributed-raunak-dynamic-blend/birdclef-2026-deep-protossm-sed-dynamic-blend.ipynb,v26-attributed-raunak-dynamic-blend,False,False,False,False,linked_to_exp,
a0146,birdclef-2026/notebooks/v27-attributed-lucataco-conservative-ensemble/bc26-scoredesc-conservative-ensemble.py,script,birdclef-2026/notebooks/v27-attributed-lucataco-conservative-ensemble/bc26-scoredesc-conservative-ensemble.py,v27-attributed-lucataco-conservative-ensemble,False,False,False,False,linked_to_exp,
a0147,birdclef-2026/notebooks/v27-attributed-lucataco-conservative-ensemble/kernel-metadata.json,kernel_metadata,birdclef-2026/notebooks/v27-attributed-lucataco-conservative-ensemble/bc26-scoredesc-conservative-ensemble.py,v27-attributed-lucataco-conservative-ensemble,False,False,False,False,linked_to_exp,
a0148,birdclef-2026/notebooks/v28-attributed-meenal-improved/birdclef-2026-improved.ipynb,notebook,birdclef-2026/notebooks/v28-attributed-meenal-improved/birdclef-2026-improved.ipynb,v28-attributed-meenal-improved,False,False,False,False,linked_to_exp,
a0149,birdclef-2026/notebooks/v28-attributed-meenal-improved/kernel-metadata.json,kernel_metadata,birdclef-2026/notebooks/v28-attributed-meenal-improved/birdclef-2026-improved.ipynb,v28-attributed-meenal-improved,False,False,False,False,linked_to_exp,
a0150,birdclef-2026/notebooks/v29-attributed-meenal-no-bn/birdclef-2026-improved.ipynb,notebook,birdclef-2026/notebooks/v29-attributed-meenal-no-bn/birdclef-2026-improved.ipynb,v29-attributed-meenal-no-bn,False,False,False,False,linked_to_exp,
a0151,birdclef-2026/notebooks/v29-attributed-meenal-no-bn/kernel-metadata.json,kernel_metadata,birdclef-2026/notebooks/v29-attributed-meenal-no-bn/birdclef-2026-improved.ipynb,v29-attributed-meenal-no-bn,False,False,False,False,linked_to_exp,
a0152,birdclef-2026/notebooks/v3-original/kernel-metadata.json,kernel_metadata,birdclef-2026/notebooks/v3-original/submission.ipynb,v3-original,False,False,False,False,linked_to_exp,
a0153,birdclef-2026/notebooks/v3-original/submission.ipynb,notebook,birdclef-2026/notebooks/v3-original/submission.ipynb,v3-original,False,False,False,False,linked_to_exp,
a0154,birdclef-2026/notebooks/v30-attributed-adarsh-svanik-fusion/birdclef-2026-v53-svanik-fusion.ipynb,notebook,birdclef-2026/notebooks/v30-attributed-adarsh-svanik-fusion/birdclef-2026-v53-svanik-fusion.ipynb,v30-attributed-adarsh-svanik-fusion,False,False,False,False,linked_to_exp,
a0155,birdclef-2026/notebooks/v30-attributed-adarsh-svanik-fusion/kernel-metadata.json,kernel_metadata,birdclef-2026/notebooks/v30-attributed-adarsh-svanik-fusion/birdclef-2026-v53-svanik-fusion.ipynb,v30-attributed-adarsh-svanik-fusion,False,False,False,False,linked_to_exp,
a0156,birdclef-2026/notebooks/v31-attributed-meenal-sed60/birdclef-2026-improved.ipynb,notebook,birdclef-2026/notebooks/v31-attributed-meenal-sed60/birdclef-2026-improved.ipynb,v31-attributed-meenal-sed60,False,False,False,False,linked_to_exp,
a0157,birdclef-2026/notebooks/v31-attributed-meenal-sed60/kernel-metadata.json,kernel_metadata,birdclef-2026/notebooks/v31-attributed-meenal-sed60/birdclef-2026-improved.ipynb,v31-attributed-meenal-sed60,False,False,False,False,linked_to_exp,
a0158,birdclef-2026/notebooks/v32-attributed-chaneyma-gate-v53/bc26-gate-v53-eos4-shared-perch-no-birdnet-scan.ipynb,notebook,birdclef-2026/notebooks/v32-attributed-chaneyma-gate-v53/bc26-gate-v53-eos4-shared-perch-no-birdnet-scan.ipynb,v32-attributed-chaneyma-gate-v53,False,False,False,False,linked_to_exp,
a0159,birdclef-2026/notebooks/v32-attributed-chaneyma-gate-v53/kernel-metadata.json,kernel_metadata,birdclef-2026/notebooks/v32-attributed-chaneyma-gate-v53/bc26-gate-v53-eos4-shared-perch-no-birdnet-scan.ipynb,v32-attributed-chaneyma-gate-v53,False,False,False,False,linked_to_exp,
a0160,birdclef-2026/notebooks/v33-attributed-adarsh-v54-tta/birdclef-2026-v54-tta.ipynb,notebook,birdclef-2026/notebooks/v33-attributed-adarsh-v54-tta/birdclef-2026-v54-tta.ipynb,v33-attributed-adarsh-v54-tta,False,False,False,False,linked_to_exp,
a0161,birdclef-2026/notebooks/v33-attributed-adarsh-v54-tta/kernel-metadata.json,kernel_metadata,birdclef-2026/notebooks/v33-attributed-adarsh-v54-tta/birdclef-2026-v54-tta.ipynb,v33-attributed-adarsh-v54-tta,False,False,False,False,linked_to_exp,
a0162,birdclef-2026/notebooks/v34-attributed-adarsh-v54-sed60/birdclef-2026-v54-tta.ipynb,notebook,birdclef-2026/notebooks/v34-attributed-adarsh-v54-sed60/birdclef-2026-v54-tta.ipynb,v34-attributed-adarsh-v54-sed60,False,False,False,False,linked_to_exp,
a0163,birdclef-2026/notebooks/v34-attributed-adarsh-v54-sed60/kernel-metadata.json,kernel_metadata,birdclef-2026/notebooks/v34-attributed-adarsh-v54-sed60/birdclef-2026-v54-tta.ipynb,v34-attributed-adarsh-v54-sed60,False,False,False,False,linked_to_exp,
a0164,birdclef-2026/notebooks/v35-attributed-adarsh-v54-sed80/birdclef-2026-v54-tta.ipynb,notebook,birdclef-2026/notebooks/v35-attributed-adarsh-v54-sed80/birdclef-2026-v54-tta.ipynb,v35-attributed-adarsh-v54-sed80,False,False,False,False,linked_to_exp,
a0165,birdclef-2026/notebooks/v35-attributed-adarsh-v54-sed80/kernel-metadata.json,kernel_metadata,birdclef-2026/notebooks/v35-attributed-adarsh-v54-sed80/birdclef-2026-v54-tta.ipynb,v35-attributed-adarsh-v54-sed80,False,False,False,False,linked_to_exp,
a0166,birdclef-2026/notebooks/v36-attributed-pilkwang-948-fusion/948-birdclef-26-acoustic-time-window-rank-fusion.ipynb,notebook,birdclef-2026/notebooks/v36-attributed-pilkwang-948-fusion/948-birdclef-26-acoustic-time-window-rank-fusion.ipynb,v36-attributed-pilkwang-948-fusion,False,False,False,False,linked_to_exp,
a0167,birdclef-2026/notebooks/v36-attributed-pilkwang-948-fusion/kernel-metadata.json,kernel_metadata,birdclef-2026/notebooks/v36-attributed-pilkwang-948-fusion/948-birdclef-26-acoustic-time-window-rank-fusion.ipynb,v36-attributed-pilkwang-948-fusion,False,False,False,False,linked_to_exp,
a0168,birdclef-2026/notebooks/v37-attributed-vyanktesh-948/birdclef-2026-protossm-sed-0-948.ipynb,notebook,birdclef-2026/notebooks/v37-attributed-vyanktesh-948/birdclef-2026-protossm-sed-0-948.ipynb,v37-attributed-vyanktesh-948,False,False,False,False,linked_to_exp,
a0169,birdclef-2026/notebooks/v37-attributed-vyanktesh-948/kernel-metadata.json,kernel_metadata,birdclef-2026/notebooks/v37-attributed-vyanktesh-948/birdclef-2026-protossm-sed-0-948.ipynb,v37-attributed-vyanktesh-948,False,False,False,False,linked_to_exp,
a0170,birdclef-2026/notebooks/v38-attributed-youssef-948/kernel-metadata.json,kernel_metadata,birdclef-2026/notebooks/v38-attributed-youssef-948/lb-0-948.ipynb,v38-attributed-youssef-948,False,False,False,False,linked_to_exp,
a0171,birdclef-2026/notebooks/v38-attributed-youssef-948/lb-0-948.ipynb,notebook,birdclef-2026/notebooks/v38-attributed-youssef-948/lb-0-948.ipynb,v38-attributed-youssef-948,False,False,False,False,linked_to_exp,
a0172,birdclef-2026/notebooks/v39-attributed-zeyad-eos-parity/birdclef-2026-eos-parity-inference.ipynb,notebook,birdclef-2026/notebooks/v39-attributed-zeyad-eos-parity/birdclef-2026-eos-parity-inference.ipynb,v39-attributed-zeyad-eos-parity,False,False,False,False,linked_to_exp,
a0173,birdclef-2026/notebooks/v39-attributed-zeyad-eos-parity/kernel-metadata.json,kernel_metadata,birdclef-2026/notebooks/v39-attributed-zeyad-eos-parity/birdclef-2026-eos-parity-inference.ipynb,v39-attributed-zeyad-eos-parity,False,False,False,False,linked_to_exp,
a0174,birdclef-2026/notebooks/v4-optimized/kernel-metadata.json,kernel_metadata,birdclef-2026/notebooks/v4-optimized/submission.ipynb,v4-optimized,False,False,False,False,linked_to_exp,
a0175,birdclef-2026/notebooks/v4-optimized/submission.ipynb,notebook,birdclef-2026/notebooks/v4-optimized/submission.ipynb,v4-optimized,False,False,False,False,linked_to_exp,
a0176,birdclef-2026/notebooks/v40-attributed-mtoshi-948/kernel-metadata.json,kernel_metadata,birdclef-2026/notebooks/v40-attributed-mtoshi-948/test-0-948.ipynb,v40-attributed-mtoshi-948,False,False,False,False,linked_to_exp,
a0177,birdclef-2026/notebooks/v40-attributed-mtoshi-948/test-0-948.ipynb,notebook,birdclef-2026/notebooks/v40-attributed-mtoshi-948/test-0-948.ipynb,v40-attributed-mtoshi-948,False,False,False,False,linked_to_exp,
a0178,birdclef-2026/notebooks/v41-attributed-mtoshi-sed80/kernel-metadata.json,kernel_metadata,birdclef-2026/notebooks/v41-attributed-mtoshi-sed80/test-0-948.ipynb,v41-attributed-mtoshi-sed80,False,False,False,False,linked_to_exp,
a0179,birdclef-2026/notebooks/v41-attributed-mtoshi-sed80/test-0-948.ipynb,notebook,birdclef-2026/notebooks/v41-attributed-mtoshi-sed80/test-0-948.ipynb,v41-attributed-mtoshi-sed80,False,False,False,False,linked_to_exp,
a0180,birdclef-2026/notebooks/v42-attributed-nina-eos4/birdclef-2026-eos-4.ipynb,notebook,birdclef-2026/notebooks/v42-attributed-nina-eos4/birdclef-2026-eos-4.ipynb,v42-attributed-nina-eos4,False,False,False,False,linked_to_exp,
a0181,birdclef-2026/notebooks/v42-attributed-nina-eos4/kernel-metadata.json,kernel_metadata,birdclef-2026/notebooks/v42-attributed-nina-eos4/birdclef-2026-eos-4.ipynb,v42-attributed-nina-eos4,False,False,False,False,linked_to_exp,
a0182,birdclef-2026/notebooks/v43-attributed-nina-eos4-alignfix/birdclef-2026-eos-4.ipynb,notebook,birdclef-2026/notebooks/v43-attributed-nina-eos4-alignfix/birdclef-2026-eos-4.ipynb,v43-attributed-nina-eos4-alignfix,False,False,False,False,linked_to_exp,
a0183,birdclef-2026/notebooks/v43-attributed-nina-eos4-alignfix/kernel-metadata.json,kernel_metadata,birdclef-2026/notebooks/v43-attributed-nina-eos4-alignfix/birdclef-2026-eos-4.ipynb,v43-attributed-nina-eos4-alignfix,False,False,False,False,linked_to_exp,
a0184,birdclef-2026/notebooks/v44-attributed-mtoshi-visual-cpu/birdclef-2026-visual-cpu-inference.ipynb,notebook,birdclef-2026/notebooks/v44-attributed-mtoshi-visual-cpu/birdclef-2026-visual-cpu-inference.ipynb,v44-attributed-mtoshi-visual-cpu,False,False,False,False,linked_to_exp,
a0185,birdclef-2026/notebooks/v44-attributed-mtoshi-visual-cpu/kernel-metadata.json,kernel_metadata,birdclef-2026/notebooks/v44-attributed-mtoshi-visual-cpu/birdclef-2026-visual-cpu-inference.ipynb,v44-attributed-mtoshi-visual-cpu,False,False,False,False,linked_to_exp,
a0186,birdclef-2026/notebooks/v45-attributed-mtoshi-lb-improved/kernel-metadata.json,kernel_metadata,birdclef-2026/notebooks/v45-attributed-mtoshi-lb-improved/lb-improved.ipynb,v45-attributed-mtoshi-lb-improved,False,False,False,False,linked_to_exp,
a0187,birdclef-2026/notebooks/v45-attributed-mtoshi-lb-improved/lb-improved.ipynb,notebook,birdclef-2026/notebooks/v45-attributed-mtoshi-lb-improved/lb-improved.ipynb,v45-attributed-mtoshi-lb-improved,False,False,False,False,linked_to_exp,
a0188,birdclef-2026/notebooks/v46-attributed-kruzzcc-safar-birdnet/bc26-safar-0947-birdnet.ipynb,notebook,birdclef-2026/notebooks/v46-attributed-kruzzcc-safar-birdnet/bc26-safar-0947-birdnet.ipynb,v46-attributed-kruzzcc-safar-birdnet,False,False,False,False,linked_to_exp,
a0189,birdclef-2026/notebooks/v46-attributed-kruzzcc-safar-birdnet/kernel-metadata.json,kernel_metadata,birdclef-2026/notebooks/v46-attributed-kruzzcc-safar-birdnet/bc26-safar-0947-birdnet.ipynb,v46-attributed-kruzzcc-safar-birdnet,False,False,False,False,linked_to_exp,
a0190,birdclef-2026/notebooks/v47-attributed-kruzzcc-sed80-no-bn/bc26-safar-0947-birdnet.ipynb,notebook,birdclef-2026/notebooks/v47-attributed-kruzzcc-sed80-no-bn/bc26-safar-0947-birdnet.ipynb,v47-attributed-kruzzcc-sed80-no-bn,False,False,False,False,linked_to_exp,
a0191,birdclef-2026/notebooks/v47-attributed-kruzzcc-sed80-no-bn/kernel-metadata.json,kernel_metadata,birdclef-2026/notebooks/v47-attributed-kruzzcc-sed80-no-bn/bc26-safar-0947-birdnet.ipynb,v47-attributed-kruzzcc-sed80-no-bn,False,False,False,False,linked_to_exp,
a0192,birdclef-2026/notebooks/v48-attributed-karnak-power-opt/kernel-metadata.json,kernel_metadata,birdclef-2026/notebooks/v48-attributed-karnak-power-opt/power-optimization.ipynb,v48-attributed-karnak-power-opt,False,False,False,False,linked_to_exp,
a0193,birdclef-2026/notebooks/v48-attributed-karnak-power-opt/power-optimization.ipynb,notebook,birdclef-2026/notebooks/v48-attributed-karnak-power-opt/power-optimization.ipynb,v48-attributed-karnak-power-opt,False,False,False,False,linked_to_exp,
a0194,birdclef-2026/notebooks/v49-attributed-franksunp-5branch/birdclef-2026-5-branch-v4-tta-fix.ipynb,notebook,birdclef-2026/notebooks/v49-attributed-franksunp-5branch/birdclef-2026-5-branch-v4-tta-fix.ipynb,v49-attributed-franksunp-5branch,False,False,False,False,linked_to_exp,
a0195,birdclef-2026/notebooks/v49-attributed-franksunp-5branch/kernel-metadata.json,kernel_metadata,birdclef-2026/notebooks/v49-attributed-franksunp-5branch/birdclef-2026-5-branch-v4-tta-fix.ipynb,v49-attributed-franksunp-5branch,False,False,False,False,linked_to_exp,
a0196,birdclef-2026/notebooks/v5-calibrated/kernel-metadata.json,kernel_metadata,birdclef-2026/notebooks/v5-calibrated/submission.ipynb,v5-calibrated,False,False,False,False,linked_to_exp,
a0197,birdclef-2026/notebooks/v5-calibrated/submission.ipynb,notebook,birdclef-2026/notebooks/v5-calibrated/submission.ipynb,v5-calibrated,False,False,False,False,linked_to_exp,
a0198,birdclef-2026/notebooks/v50-attributed-raunak-v7/birdclef-26-v7-notebook.ipynb,notebook,birdclef-2026/notebooks/v50-attributed-raunak-v7/birdclef-26-v7-notebook.ipynb,v50-attributed-raunak-v7,False,False,False,False,linked_to_exp,
a0199,birdclef-2026/notebooks/v50-attributed-raunak-v7/kernel-metadata.json,kernel_metadata,birdclef-2026/notebooks/v50-attributed-raunak-v7/birdclef-26-v7-notebook.ipynb,v50-attributed-raunak-v7,False,False,False,False,linked_to_exp,
a0200,birdclef-2026/notebooks/v51-attributed-anthony-ensemble/birdclef-ensemble-of-solutions.ipynb,notebook,birdclef-2026/notebooks/v51-attributed-anthony-ensemble/birdclef-ensemble-of-solutions.ipynb,v51-attributed-anthony-ensemble,False,False,False,False,linked_to_exp,
a0201,birdclef-2026/notebooks/v51-attributed-anthony-ensemble/kernel-metadata.json,kernel_metadata,birdclef-2026/notebooks/v51-attributed-anthony-ensemble/birdclef-ensemble-of-solutions.ipynb,v51-attributed-anthony-ensemble,False,False,False,False,linked_to_exp,
a0202,birdclef-2026/notebooks/v52-attributed-anthony-alignfix/birdclef-ensemble-of-solutions.ipynb,notebook,birdclef-2026/notebooks/v52-attributed-anthony-alignfix/birdclef-ensemble-of-solutions.ipynb,v52-attributed-anthony-alignfix,False,False,False,False,linked_to_exp,
a0203,birdclef-2026/notebooks/v52-attributed-anthony-alignfix/kernel-metadata.json,kernel_metadata,birdclef-2026/notebooks/v52-attributed-anthony-alignfix/birdclef-ensemble-of-solutions.ipynb,v52-attributed-anthony-alignfix,False,False,False,False,linked_to_exp,
a0204,birdclef-2026/notebooks/v53-attributed-anthony-alignfix2/birdclef-ensemble-of-solutions.ipynb,notebook,birdclef-2026/notebooks/v53-attributed-anthony-alignfix2/birdclef-ensemble-of-solutions.ipynb,v53-attributed-anthony-alignfix2,False,False,False,False,linked_to_exp,
a0205,birdclef-2026/notebooks/v53-attributed-anthony-alignfix2/kernel-metadata.json,kernel_metadata,birdclef-2026/notebooks/v53-attributed-anthony-alignfix2/birdclef-ensemble-of-solutions.ipynb,v53-attributed-anthony-alignfix2,False,False,False,False,linked_to_exp,
a0206,birdclef-2026/notebooks/v54-attributed-safar-948/kernel-metadata.json,kernel_metadata,birdclef-2026/notebooks/v54-attributed-safar-948/lb-score-0-948.ipynb,v54-attributed-safar-948,False,False,False,False,linked_to_exp,
a0207,birdclef-2026/notebooks/v54-attributed-safar-948/lb-score-0-948.ipynb,notebook,birdclef-2026/notebooks/v54-attributed-safar-948/lb-score-0-948.ipynb,v54-attributed-safar-948,False,False,False,False,linked_to_exp,
a0208,birdclef-2026/notebooks/v55-attributed-chaneyma-gate-v54/bc26-gate-v54-v38-eos4-light-post.ipynb,notebook,birdclef-2026/notebooks/v55-attributed-chaneyma-gate-v54/bc26-gate-v54-v38-eos4-light-post.ipynb,v55-attributed-chaneyma-gate-v54,False,False,False,False,linked_to_exp,
a0209,birdclef-2026/notebooks/v55-attributed-chaneyma-gate-v54/kernel-metadata.json,kernel_metadata,birdclef-2026/notebooks/v55-attributed-chaneyma-gate-v54/bc26-gate-v54-v38-eos4-light-post.ipynb,v55-attributed-chaneyma-gate-v54,False,False,False,False,linked_to_exp,
a0210,birdclef-2026/notebooks/v56-attributed-yaroslav-sitehour/birdnet-third-branch-site-hour-prior-restore.ipynb,notebook,birdclef-2026/notebooks/v56-attributed-yaroslav-sitehour/birdnet-third-branch-site-hour-prior-restore.ipynb,v56-attributed-yaroslav-sitehour,False,False,False,False,linked_to_exp,
a0211,birdclef-2026/notebooks/v56-attributed-yaroslav-sitehour/kernel-metadata.json,kernel_metadata,birdclef-2026/notebooks/v56-attributed-yaroslav-sitehour/birdnet-third-branch-site-hour-prior-restore.ipynb,v56-attributed-yaroslav-sitehour,False,False,False,False,linked_to_exp,
a0212,birdclef-2026/notebooks/v57-attributed-adarsh-swap/birdclef-2026-v54-lb-0948-swap.ipynb,notebook,birdclef-2026/notebooks/v57-attributed-adarsh-swap/birdclef-2026-v54-lb-0948-swap.ipynb,v57-attributed-adarsh-swap,False,False,False,False,linked_to_exp,
a0213,birdclef-2026/notebooks/v57-attributed-adarsh-swap/kernel-metadata.json,kernel_metadata,birdclef-2026/notebooks/v57-attributed-adarsh-swap/birdclef-2026-v54-lb-0948-swap.ipynb,v57-attributed-adarsh-swap,False,False,False,False,linked_to_exp,
a0214,birdclef-2026/notebooks/v58-attributed-claude-a2prime/birdclef-2026-r0946-a2prime-effv2s-submit.ipynb,notebook,birdclef-2026/notebooks/v58-attributed-claude-a2prime/birdclef-2026-r0946-a2prime-effv2s-submit.ipynb,v58-attributed-claude-a2prime,False,False,False,False,linked_to_exp,
a0215,birdclef-2026/notebooks/v58-attributed-claude-a2prime/kernel-metadata.json,kernel_metadata,birdclef-2026/notebooks/v58-attributed-claude-a2prime/birdclef-2026-r0946-a2prime-effv2s-submit.ipynb,v58-attributed-claude-a2prime,False,False,False,False,linked_to_exp,
a0216,birdclef-2026/notebooks/v59-attributed-karnak-dual-syntaxfix/kernel-metadata.json,kernel_metadata,birdclef-2026/notebooks/v59-attributed-karnak-dual-syntaxfix/optimized-dual-architecture-ensemble.ipynb,v59-attributed-karnak-dual-syntaxfix,False,False,False,False,linked_to_exp,
a0217,birdclef-2026/notebooks/v59-attributed-karnak-dual-syntaxfix/optimized-dual-architecture-ensemble.ipynb,notebook,birdclef-2026/notebooks/v59-attributed-karnak-dual-syntaxfix/optimized-dual-architecture-ensemble.ipynb,v59-attributed-karnak-dual-syntaxfix,False,False,False,False,linked_to_exp,
a0218,birdclef-2026/notebooks/v6-fast/kernel-metadata.json,kernel_metadata,birdclef-2026/notebooks/v6-fast/submission.ipynb,v6-fast,False,False,False,False,linked_to_exp,
a0219,birdclef-2026/notebooks/v6-fast/submission.ipynb,notebook,birdclef-2026/notebooks/v6-fast/submission.ipynb,v6-fast,False,False,False,False,linked_to_exp,
a0220,birdclef-2026/notebooks/v60-attributed-adarsh-sed-tta/birdclef-2026-v60-sed-tta.ipynb,notebook,birdclef-2026/notebooks/v60-attributed-adarsh-sed-tta/birdclef-2026-v60-sed-tta.ipynb,v60-attributed-adarsh-sed-tta,False,False,False,False,linked_to_exp,
a0221,birdclef-2026/notebooks/v60-attributed-adarsh-sed-tta/kernel-metadata.json,kernel_metadata,birdclef-2026/notebooks/v60-attributed-adarsh-sed-tta/birdclef-2026-v60-sed-tta.ipynb,v60-attributed-adarsh-sed-tta,False,False,False,False,linked_to_exp,
a0222,birdclef-2026/notebooks/v61-attributed-eslam-v20d/birdclef2026-v20d.ipynb,notebook,birdclef-2026/notebooks/v61-attributed-eslam-v20d/birdclef2026-v20d.ipynb,v61-attributed-eslam-v20d,False,False,False,False,linked_to_exp,
a0223,birdclef-2026/notebooks/v61-attributed-eslam-v20d/kernel-metadata.json,kernel_metadata,birdclef-2026/notebooks/v61-attributed-eslam-v20d/birdclef2026-v20d.ipynb,v61-attributed-eslam-v20d,False,False,False,False,linked_to_exp,
a0224,birdclef-2026/notebooks/v62-attributed-svanik-protossm-fusion/kernel-metadata.json,kernel_metadata,birdclef-2026/notebooks/v62-attributed-svanik-protossm-fusion/protossm-fusion-engine.ipynb,v62-attributed-svanik-protossm-fusion,False,False,False,False,linked_to_exp,
a0225,birdclef-2026/notebooks/v62-attributed-svanik-protossm-fusion/protossm-fusion-engine.ipynb,notebook,birdclef-2026/notebooks/v62-attributed-svanik-protossm-fusion/protossm-fusion-engine.ipynb,v62-attributed-svanik-protossm-fusion,False,False,False,False,linked_to_exp,
a0226,birdclef-2026/notebooks/v63-attributed-chaneyma-v37-ninastyle/bc26-gate-v37-ninastyle-branch.ipynb,notebook,birdclef-2026/notebooks/v63-attributed-chaneyma-v37-ninastyle/bc26-gate-v37-ninastyle-branch.ipynb,v63-attributed-chaneyma-v37-ninastyle,False,False,False,False,linked_to_exp,
a0227,birdclef-2026/notebooks/v63-attributed-chaneyma-v37-ninastyle/kernel-metadata.json,kernel_metadata,birdclef-2026/notebooks/v63-attributed-chaneyma-v37-ninastyle/bc26-gate-v37-ninastyle-branch.ipynb,v63-attributed-chaneyma-v37-ninastyle,False,False,False,False,linked_to_exp,
a0228,birdclef-2026/notebooks/v64-attributed-amul-full-yous-gate-rb035/bc26-full-yous-gate-rb035-nb-20260517.ipynb,notebook,birdclef-2026/notebooks/v64-attributed-amul-full-yous-gate-rb035/bc26-full-yous-gate-rb035-nb-20260517.ipynb,v64-attributed-amul-full-yous-gate-rb035,False,False,False,False,linked_to_exp,
a0229,birdclef-2026/notebooks/v64-attributed-amul-full-yous-gate-rb035/kernel-metadata.json,kernel_metadata,birdclef-2026/notebooks/v64-attributed-amul-full-yous-gate-rb035/bc26-full-yous-gate-rb035-nb-20260517.ipynb,v64-attributed-amul-full-yous-gate-rb035,False,False,False,False,linked_to_exp,
a0230,birdclef-2026/notebooks/v65-attributed-sunderekkiz-exp019-eos4-rankp06/birdclef-2026-exp019-eos4-rank-power-06.ipynb,notebook,birdclef-2026/notebooks/v65-attributed-sunderekkiz-exp019-eos4-rankp06/birdclef-2026-exp019-eos4-rank-power-06.ipynb,v65-attributed-sunderekkiz-exp019-eos4-rankp06,False,False,False,False,linked_to_exp,
a0231,birdclef-2026/notebooks/v65-attributed-sunderekkiz-exp019-eos4-rankp06/kernel-metadata.json,kernel_metadata,birdclef-2026/notebooks/v65-attributed-sunderekkiz-exp019-eos4-rankp06/birdclef-2026-exp019-eos4-rank-power-06.ipynb,v65-attributed-sunderekkiz-exp019-eos4-rankp06,False,False,False,False,linked_to_exp,
a0232,birdclef-2026/notebooks/v66-attributed-kotata-a1-rankblend-sedup/birdclef-2026-youssef-a1-rankblend-sedup.ipynb,notebook,birdclef-2026/notebooks/v66-attributed-kotata-a1-rankblend-sedup/birdclef-2026-youssef-a1-rankblend-sedup.ipynb,v66-attributed-kotata-a1-rankblend-sedup,False,False,False,False,linked_to_exp,
a0233,birdclef-2026/notebooks/v66-attributed-kotata-a1-rankblend-sedup/kernel-metadata.json,kernel_metadata,birdclef-2026/notebooks/v66-attributed-kotata-a1-rankblend-sedup/birdclef-2026-youssef-a1-rankblend-sedup.ipynb,v66-attributed-kotata-a1-rankblend-sedup,False,False,False,False,linked_to_exp,
a0234,birdclef-2026/notebooks/v67-original-sedfirst-rank-consensus/kernel-metadata.json,kernel_metadata,birdclef-2026/notebooks/v67-original-sedfirst-rank-consensus/submission.ipynb,v67-original-sedfirst-rank-consensus,False,False,False,False,linked_to_exp,
a0235,birdclef-2026/notebooks/v67-original-sedfirst-rank-consensus/submission.ipynb,notebook,birdclef-2026/notebooks/v67-original-sedfirst-rank-consensus/submission.ipynb,v67-original-sedfirst-rank-consensus,False,False,False,False,linked_to_exp,
a0236,birdclef-2026/notebooks/v68-original-balanced-rank-consensus/kernel-metadata.json,kernel_metadata,birdclef-2026/notebooks/v68-original-balanced-rank-consensus/submission.ipynb,v68-original-balanced-rank-consensus,False,False,False,False,linked_to_exp,
a0237,birdclef-2026/notebooks/v68-original-balanced-rank-consensus/submission.ipynb,notebook,birdclef-2026/notebooks/v68-original-balanced-rank-consensus/submission.ipynb,v68-original-balanced-rank-consensus,False,False,False,False,linked_to_exp,
a0238,birdclef-2026/notebooks/v69-original-embedprobe-rank/kernel-metadata.json,kernel_metadata,birdclef-2026/notebooks/v69-original-embedprobe-rank/submission.ipynb,v69-original-embedprobe-rank,False,False,False,False,linked_to_exp,
a0239,birdclef-2026/notebooks/v69-original-embedprobe-rank/submission.ipynb,notebook,birdclef-2026/notebooks/v69-original-embedprobe-rank/submission.ipynb,v69-original-embedprobe-rank,False,False,False,False,linked_to_exp,
a0240,birdclef-2026/notebooks/v7-debug/kernel-metadata.json,kernel_metadata,birdclef-2026/notebooks/v7-debug/submission.ipynb,v7-debug,False,False,False,False,linked_to_exp,
a0241,birdclef-2026/notebooks/v7-debug/submission.ipynb,notebook,birdclef-2026/notebooks/v7-debug/submission.ipynb,v7-debug,False,False,False,False,linked_to_exp,
a0242,birdclef-2026/notebooks/v70-original-embedprobe-alignfix/kernel-metadata.json,kernel_metadata,birdclef-2026/notebooks/v70-original-embedprobe-alignfix/submission.ipynb,v70-original-embedprobe-alignfix,False,False,False,False,linked_to_exp,
a0243,birdclef-2026/notebooks/v70-original-embedprobe-alignfix/submission.ipynb,notebook,birdclef-2026/notebooks/v70-original-embedprobe-alignfix/submission.ipynb,v70-original-embedprobe-alignfix,False,False,False,False,linked_to_exp,
a0244,birdclef-2026/notebooks/v71-original-probe-anchorblend/kernel-metadata.json,kernel_metadata,birdclef-2026/notebooks/v71-original-probe-anchorblend/submission.ipynb,v71-original-probe-anchorblend,False,False,False,False,linked_to_exp,
a0245,birdclef-2026/notebooks/v71-original-probe-anchorblend/submission.ipynb,notebook,birdclef-2026/notebooks/v71-original-probe-anchorblend/submission.ipynb,v71-original-probe-anchorblend,False,False,False,False,linked_to_exp,
a0246,birdclef-2026/notebooks/v72-original-macrotilt-anchorblend/kernel-metadata.json,kernel_metadata,birdclef-2026/notebooks/v72-original-macrotilt-anchorblend/submission.ipynb,v72-original-macrotilt-anchorblend,False,False,False,False,linked_to_exp,
a0247,birdclef-2026/notebooks/v72-original-macrotilt-anchorblend/submission.ipynb,notebook,birdclef-2026/notebooks/v72-original-macrotilt-anchorblend/submission.ipynb,v72-original-macrotilt-anchorblend,False,False,False,False,linked_to_exp,
a0248,birdclef-2026/notebooks/v73-original-dualprobe-anchorblend/kernel-metadata.json,kernel_metadata,birdclef-2026/notebooks/v73-original-dualprobe-anchorblend/submission.ipynb,v73-original-dualprobe-anchorblend,False,False,False,False,linked_to_exp,
a0249,birdclef-2026/notebooks/v73-original-dualprobe-anchorblend/submission.ipynb,notebook,birdclef-2026/notebooks/v73-original-dualprobe-anchorblend/submission.ipynb,v73-original-dualprobe-anchorblend,False,False,False,False,linked_to_exp,
a0250,birdclef-2026/notebooks/v74-original-macrosafe-dualprobe/kernel-metadata.json,kernel_metadata,birdclef-2026/notebooks/v74-original-macrosafe-dualprobe/submission.ipynb,v74-original-macrosafe-dualprobe,False,False,False,False,linked_to_exp,
a0251,birdclef-2026/notebooks/v74-original-macrosafe-dualprobe/submission.ipynb,notebook,birdclef-2026/notebooks/v74-original-macrosafe-dualprobe/submission.ipynb,v74-original-macrosafe-dualprobe,False,False,False,False,linked_to_exp,
a0252,birdclef-2026/notebooks/v75-original-proxybalanced-dualprobe/kernel-metadata.json,kernel_metadata,birdclef-2026/notebooks/v75-original-proxybalanced-dualprobe/submission.ipynb,v75-original-proxybalanced-dualprobe,False,False,False,False,linked_to_exp,
a0253,birdclef-2026/notebooks/v75-original-proxybalanced-dualprobe/submission.ipynb,notebook,birdclef-2026/notebooks/v75-original-proxybalanced-dualprobe/submission.ipynb,v75-original-proxybalanced-dualprobe,False,False,False,False,linked_to_exp,
a0254,birdclef-2026/notebooks/v76-original-macroboost-dualprobe/kernel-metadata.json,kernel_metadata,birdclef-2026/notebooks/v76-original-macroboost-dualprobe/submission.ipynb,v76-original-macroboost-dualprobe,False,False,False,False,linked_to_exp,
a0255,birdclef-2026/notebooks/v76-original-macroboost-dualprobe/submission.ipynb,notebook,birdclef-2026/notebooks/v76-original-macroboost-dualprobe/submission.ipynb,v76-original-macroboost-dualprobe,False,False,False,False,linked_to_exp,
a0256,birdclef-2026/notebooks/v77-original-midboost-dualprobe/kernel-metadata.json,kernel_metadata,birdclef-2026/notebooks/v77-original-midboost-dualprobe/submission.ipynb,v77-original-midboost-dualprobe,False,False,False,False,linked_to_exp,
a0257,birdclef-2026/notebooks/v77-original-midboost-dualprobe/submission.ipynb,notebook,birdclef-2026/notebooks/v77-original-midboost-dualprobe/submission.ipynb,v77-original-midboost-dualprobe,False,False,False,False,linked_to_exp,
a0258,birdclef-2026/notebooks/v78-original-agreegate-dualprobe/kernel-metadata.json,kernel_metadata,birdclef-2026/notebooks/v78-original-agreegate-dualprobe/submission.ipynb,v78-original-agreegate-dualprobe,False,False,False,False,linked_to_exp,
a0259,birdclef-2026/notebooks/v78-original-agreegate-dualprobe/submission.ipynb,notebook,birdclef-2026/notebooks/v78-original-agreegate-dualprobe/submission.ipynb,v78-original-agreegate-dualprobe,False,False,False,False,linked_to_exp,
a0260,birdclef-2026/notebooks/v79-original-supportgate-dualprobe/kernel-metadata.json,kernel_metadata,birdclef-2026/notebooks/v79-original-supportgate-dualprobe/submission.ipynb,v79-original-supportgate-dualprobe,False,False,False,False,linked_to_exp,
a0261,birdclef-2026/notebooks/v79-original-supportgate-dualprobe/submission.ipynb,notebook,birdclef-2026/notebooks/v79-original-supportgate-dualprobe/submission.ipynb,v79-original-supportgate-dualprobe,False,False,False,False,linked_to_exp,
a0262,birdclef-2026/notebooks/v80-original-rankdiffgate-dualprobe/kernel-metadata.json,kernel_metadata,birdclef-2026/notebooks/v80-original-rankdiffgate-dualprobe/submission.ipynb,v80-original-rankdiffgate-dualprobe,False,False,False,False,linked_to_exp,
a0263,birdclef-2026/notebooks/v80-original-rankdiffgate-dualprobe/submission.ipynb,notebook,birdclef-2026/notebooks/v80-original-rankdiffgate-dualprobe/submission.ipynb,v80-original-rankdiffgate-dualprobe,False,False,False,False,linked_to_exp,
a0264,birdclef-2026/notebooks/v81-original-diffabsgate-dualprobe/kernel-metadata.json,kernel_metadata,birdclef-2026/notebooks/v81-original-diffabsgate-dualprobe/submission.ipynb,v81-original-diffabsgate-dualprobe,False,False,False,False,linked_to_exp,
a0265,birdclef-2026/notebooks/v81-original-diffabsgate-dualprobe/submission.ipynb,notebook,birdclef-2026/notebooks/v81-original-diffabsgate-dualprobe/submission.ipynb,v81-original-diffabsgate-dualprobe,False,False,False,False,linked_to_exp,
a0266,birdclef-2026/notebooks/v82-original-probeplus-dualprobe/kernel-metadata.json,kernel_metadata,birdclef-2026/notebooks/v82-original-probeplus-dualprobe/submission.ipynb,v82-original-probeplus-dualprobe,False,False,False,False,linked_to_exp,
a0267,birdclef-2026/notebooks/v82-original-probeplus-dualprobe/submission.ipynb,notebook,birdclef-2026/notebooks/v82-original-probeplus-dualprobe/submission.ipynb,v82-original-probeplus-dualprobe,False,False,False,False,linked_to_exp,
a0268,birdclef-2026/notebooks/v83-original-supportband-probeplus/kernel-metadata.json,kernel_metadata,birdclef-2026/notebooks/v83-original-supportband-probeplus/submission.ipynb,v83-original-supportband-probeplus,False,False,False,False,linked_to_exp,
a0269,birdclef-2026/notebooks/v83-original-supportband-probeplus/submission.ipynb,notebook,birdclef-2026/notebooks/v83-original-supportband-probeplus/submission.ipynb,v83-original-supportband-probeplus,False,False,False,False,linked_to_exp,
a0270,birdclef-2026/notebooks/v84-original-mlpaux-supportband/kernel-metadata.json,kernel_metadata,birdclef-2026/notebooks/v84-original-mlpaux-supportband/submission.ipynb,v84-original-mlpaux-supportband,False,False,False,False,linked_to_exp,
a0271,birdclef-2026/notebooks/v84-original-mlpaux-supportband/submission.ipynb,notebook,birdclef-2026/notebooks/v84-original-mlpaux-supportband/submission.ipynb,v84-original-mlpaux-supportband,False,False,False,False,linked_to_exp,
a0272,birdclef-2026/notebooks/v85-original-eosprivate-overlapgate/kernel-metadata.json,kernel_metadata,birdclef-2026/notebooks/v85-original-eosprivate-overlapgate/submission.ipynb,v85-original-eosprivate-overlapgate,False,False,False,False,linked_to_exp,
a0273,birdclef-2026/notebooks/v85-original-eosprivate-overlapgate/submission.ipynb,notebook,birdclef-2026/notebooks/v85-original-eosprivate-overlapgate/submission.ipynb,v85-original-eosprivate-overlapgate,False,False,False,False,linked_to_exp,
a0274,birdclef-2026/notebooks/v86-original-midsupport-proberescue/kernel-metadata.json,kernel_metadata,birdclef-2026/notebooks/v86-original-midsupport-proberescue/submission.ipynb,v86-original-midsupport-proberescue,False,False,False,False,linked_to_exp,
a0275,birdclef-2026/notebooks/v86-original-midsupport-proberescue/submission.ipynb,notebook,birdclef-2026/notebooks/v86-original-midsupport-proberescue/submission.ipynb,v86-original-midsupport-proberescue,False,False,False,False,linked_to_exp,
a0276,birdclef-2026/notebooks/v87-attributed-nina-eos5-v38plus/birdclef-2026-eos-5.ipynb,notebook,birdclef-2026/notebooks/v87-attributed-nina-eos5-v38plus/birdclef-2026-eos-5.ipynb,v87-attributed-nina-eos5-v38plus,False,False,False,False,linked_to_exp,
a0277,birdclef-2026/notebooks/v87-attributed-nina-eos5-v38plus/kernel-metadata.json,kernel_metadata,birdclef-2026/notebooks/v87-attributed-nina-eos5-v38plus/birdclef-2026-eos-5.ipynb,v87-attributed-nina-eos5-v38plus,False,False,False,False,linked_to_exp,
a0278,birdclef-2026/notebooks/v88-attributed-zeyad-eos-parity-t3/birdclef-2026-eos-parity-inference.ipynb,notebook,birdclef-2026/notebooks/v88-attributed-zeyad-eos-parity-t3/birdclef-2026-eos-parity-inference.ipynb,v88-attributed-zeyad-eos-parity-t3,False,False,False,False,linked_to_exp,
a0279,birdclef-2026/notebooks/v88-attributed-zeyad-eos-parity-t3/kernel-metadata.json,kernel_metadata,birdclef-2026/notebooks/v88-attributed-zeyad-eos-parity-t3/birdclef-2026-eos-parity-inference.ipynb,v88-attributed-zeyad-eos-parity-t3,False,False,False,False,linked_to_exp,
a0280,birdclef-2026/notebooks/v89-attributed-alexycactus-perch-cnn/birdclef-2026-ensemble-perch-cnn.py,script,birdclef-2026/notebooks/v89-attributed-alexycactus-perch-cnn/birdclef-2026-ensemble-perch-cnn.py,v89-attributed-alexycactus-perch-cnn,False,False,False,False,linked_to_exp,
a0281,birdclef-2026/notebooks/v89-attributed-alexycactus-perch-cnn/kernel-metadata.json,kernel_metadata,birdclef-2026/notebooks/v89-attributed-alexycactus-perch-cnn/birdclef-2026-ensemble-perch-cnn.py,v89-attributed-alexycactus-perch-cnn,False,False,False,False,linked_to_exp,
a0282,birdclef-2026/notebooks/v9-original/kernel-metadata.json,kernel_metadata,birdclef-2026/notebooks/v9-original/submission.ipynb,v9-original,False,False,False,False,linked_to_exp,
a0283,birdclef-2026/notebooks/v9-original/submission.ipynb,notebook,birdclef-2026/notebooks/v9-original/submission.ipynb,v9-original,False,False,False,False,linked_to_exp,
a0284,birdclef-2026/notebooks/v90-attributed-youssef-e1-rare-tail-birdnet/bc26-youssef-e1-rare-tail-birdnet.ipynb,notebook,birdclef-2026/notebooks/v90-attributed-youssef-e1-rare-tail-birdnet/bc26-youssef-e1-rare-tail-birdnet.ipynb,v90-attributed-youssef-e1-rare-tail-birdnet,False,False,False,False,linked_to_exp,
a0285,birdclef-2026/notebooks/v90-attributed-youssef-e1-rare-tail-birdnet/kernel-metadata.json,kernel_metadata,birdclef-2026/notebooks/v90-attributed-youssef-e1-rare-tail-birdnet/bc26-youssef-e1-rare-tail-birdnet.ipynb,v90-attributed-youssef-e1-rare-tail-birdnet,False,False,False,False,linked_to_exp,
a0286,birdclef-2026/notebooks/v91-attributed-youssef-e1-rare-tail-nobirdnet/bc26-youssef-e1-rare-tail-birdnet.ipynb,notebook,birdclef-2026/notebooks/v91-attributed-youssef-e1-rare-tail-nobirdnet/bc26-youssef-e1-rare-tail-birdnet.ipynb,v91-attributed-youssef-e1-rare-tail-nobirdnet,False,False,False,False,linked_to_exp,
a0287,birdclef-2026/notebooks/v91-attributed-youssef-e1-rare-tail-nobirdnet/kernel-metadata.json,kernel_metadata,birdclef-2026/notebooks/v91-attributed-youssef-e1-rare-tail-nobirdnet/bc26-youssef-e1-rare-tail-birdnet.ipynb,v91-attributed-youssef-e1-rare-tail-nobirdnet,False,False,False,False,linked_to_exp,
a0288,birdclef-2026/notebooks/v92-attributed-mtoshi-vis-nobirdnet/bc26-mtoshi-vis-may18.ipynb,notebook,birdclef-2026/notebooks/v92-attributed-mtoshi-vis-nobirdnet/bc26-mtoshi-vis-may18.ipynb,v92-attributed-mtoshi-vis-nobirdnet,False,False,False,False,linked_to_exp,
a0289,birdclef-2026/notebooks/v92-attributed-mtoshi-vis-nobirdnet/kernel-metadata.json,kernel_metadata,birdclef-2026/notebooks/v92-attributed-mtoshi-vis-nobirdnet/bc26-mtoshi-vis-may18.ipynb,v92-attributed-mtoshi-vis-nobirdnet,False,False,False,False,linked_to_exp,
a0290,birdclef-2026/notebooks/v93-attributed-adkasd-strong-nobirdnet/birdclef-2026-sub-v4-5-strong.ipynb,notebook,birdclef-2026/notebooks/v93-attributed-adkasd-strong-nobirdnet/birdclef-2026-sub-v4-5-strong.ipynb,v93-attributed-adkasd-strong-nobirdnet,False,False,False,False,linked_to_exp,
a0291,birdclef-2026/notebooks/v93-attributed-adkasd-strong-nobirdnet/kernel-metadata.json,kernel_metadata,birdclef-2026/notebooks/v93-attributed-adkasd-strong-nobirdnet/birdclef-2026-sub-v4-5-strong.ipynb,v93-attributed-adkasd-strong-nobirdnet,False,False,False,False,linked_to_exp,
a0292,birdclef-2026/notebooks/v94-attributed-karnak-advance-ensemble/birdclef-advance-ensemble.ipynb,notebook,birdclef-2026/notebooks/v94-attributed-karnak-advance-ensemble/birdclef-advance-ensemble.ipynb,v94-attributed-karnak-advance-ensemble,False,False,False,False,linked_to_exp,
a0293,birdclef-2026/notebooks/v94-attributed-karnak-advance-ensemble/kernel-metadata.json,kernel_metadata,birdclef-2026/notebooks/v94-attributed-karnak-advance-ensemble/birdclef-advance-ensemble.ipynb,v94-attributed-karnak-advance-ensemble,False,False,False,False,linked_to_exp,
a0294,birdclef-2026/outputs/v101-attributed-alexy-cnn-cpu-v1/bc26-v101-attributed-alexy-cnn-cpu.log,runtime_log,,v101-attributed-alexy-cnn-cpu-v1,False,False,False,True,linked_to_exp,
a0295,birdclef-2026/outputs/v101-attributed-alexy-cnn-cpu-v1/diagnostics_v101_staging_no_test.json,runtime_or_lineage_json,,v101-attributed-alexy-cnn-cpu-v1,False,False,False,True,linked_to_exp,
a0296,birdclef-2026/outputs/v101-attributed-alexy-cnn-cpu-v1/submission.csv,submission_or_test_prediction_csv,,v101-attributed-alexy-cnn-cpu-v1,False,True,True,False,linked_to_exp,
a0297,birdclef-2026/outputs/v102-original-macro-risk-rescue-v1/bc26-v102-original-macro-risk-rescue.log,runtime_log,,v102-original-macro-risk-rescue-v1,False,False,False,True,linked_to_exp,
a0298,birdclef-2026/outputs/v102-original-macro-risk-rescue-v1/submission.csv,submission_or_test_prediction_csv,,v102-original-macro-risk-rescue-v1,False,True,True,False,linked_to_exp,
a0299,birdclef-2026/outputs/v103-guarded-macro-risk-rescue-v1/bc26-v103-guarded-macro-rescue.log,runtime_log,,v103-guarded-macro-risk-rescue-v1,False,False,False,True,linked_to_exp,
a0300,birdclef-2026/outputs/v103-guarded-macro-risk-rescue-v1/submission.csv,submission_or_test_prediction_csv,,v103-guarded-macro-risk-rescue-v1,False,True,True,False,linked_to_exp,
a0301,birdclef-2026/outputs/v104-perch-only-guarded-rescue-v1/bc26-v104-perch-only-guarded.log,runtime_log,,v104-perch-only-guarded-rescue-v1,False,False,False,True,linked_to_exp,
a0302,birdclef-2026/outputs/v104-perch-only-guarded-rescue-v1/submission.csv,submission_or_test_prediction_csv,,v104-perch-only-guarded-rescue-v1,False,True,True,False,linked_to_exp,
a0303,birdclef-2026/outputs/v105-rankrestored-perch-guarded-v1/bc26-v105-rankrestored-perch.log,runtime_log,,v105-rankrestored-perch-guarded-v1,False,False,False,True,linked_to_exp,
a0304,birdclef-2026/outputs/v105-rankrestored-perch-guarded-v1/submission.csv,submission_or_test_prediction_csv,,v105-rankrestored-perch-guarded-v1,False,True,True,False,linked_to_exp,
a0305,birdclef-2026/outputs/v106-rankdominant-perch-guarded-v1/bc26-v106-rankdominant-perch.log,runtime_log,,v106-rankdominant-perch-guarded-v1,False,False,False,True,linked_to_exp,
a0306,birdclef-2026/outputs/v106-rankdominant-perch-guarded-v1/submission.csv,submission_or_test_prediction_csv,,v106-rankdominant-perch-guarded-v1,False,True,True,False,linked_to_exp,
a0307,birdclef-2026/outputs/v107-rankceiling-perch-guarded-v1/bc26-v107-rankceiling-perch.log,runtime_log,,v107-rankceiling-perch-guarded-v1,False,False,False,True,linked_to_exp,
a0308,birdclef-2026/outputs/v107-rankceiling-perch-guarded-v1/submission.csv,submission_or_test_prediction_csv,,v107-rankceiling-perch-guarded-v1,False,True,True,False,linked_to_exp,
a0309,birdclef-2026/outputs/v108-ecoproto-perch-guarded-v1/bc26-v108-ecoproto-perch.log,runtime_log,,v108-ecoproto-perch-guarded-v1,False,False,False,True,linked_to_exp,
a0310,birdclef-2026/outputs/v108-ecoproto-perch-guarded-v1/submission.csv,submission_or_test_prediction_csv,,v108-ecoproto-perch-guarded-v1,False,True,True,False,linked_to_exp,
a0311,birdclef-2026/outputs/v109-ecoproto-ranklaunch-perch-v1/bc26-v109-ecoproto-ranklaunch.log,runtime_log,,v109-ecoproto-ranklaunch-perch-v1,False,False,False,True,linked_to_exp,
a0312,birdclef-2026/outputs/v109-ecoproto-ranklaunch-perch-v1/submission.csv,submission_or_test_prediction_csv,,v109-ecoproto-ranklaunch-perch-v1,False,True,True,False,linked_to_exp,
a0313,birdclef-2026/outputs/v110-ecoproto-clean-blend-v1/bc26-v110-ecoproto-cleanblend.log,runtime_log,,v110-ecoproto-clean-blend-v1,False,False,False,True,linked_to_exp,
a0314,birdclef-2026/outputs/v110-ecoproto-clean-blend-v1/submission.csv,submission_or_test_prediction_csv,,v110-ecoproto-clean-blend-v1,False,True,True,False,linked_to_exp,
a0315,birdclef-2026/outputs/v111-clean-sed-ecoproto-blend-v1/bc26-v111-clean-sed-ecoproto.log,runtime_log,,v111-clean-sed-ecoproto-blend-v1,False,False,False,True,linked_to_exp,
a0316,birdclef-2026/outputs/v111-clean-sed-ecoproto-blend-v1/submission.csv,submission_or_test_prediction_csv,,v111-clean-sed-ecoproto-blend-v1,False,True,True,False,linked_to_exp,
a0317,birdclef-2026/outputs/v112-clean-sed-remap-ecoproto-v1/bc26-v112-clean-sed-remap.log,runtime_log,,v112-clean-sed-remap-ecoproto-v1,False,False,False,True,linked_to_exp,
a0318,birdclef-2026/outputs/v112-clean-sed-remap-ecoproto-v1/submission.csv,submission_or_test_prediction_csv,,v112-clean-sed-remap-ecoproto-v1,False,True,True,False,linked_to_exp,
a0319,birdclef-2026/outputs/v112-clean-sed-remap-ecoproto-v1/v112_clean_sed_remap_diagnostics.csv,csv,,v112-clean-sed-remap-ecoproto-v1,False,False,False,False,linked_to_exp,
a0320,birdclef-2026/outputs/v113-lantingguo-melnorm-ecoproto-v1/bc26-v113-lanting-melnorm.log,runtime_log,,v113-lantingguo-melnorm-ecoproto-v1,False,False,False,True,linked_to_exp,
a0321,birdclef-2026/outputs/v113-lantingguo-melnorm-ecoproto-v1/submission.csv,submission_or_test_prediction_csv,,v113-lantingguo-melnorm-ecoproto-v1,False,True,True,False,linked_to_exp,
a0322,birdclef-2026/outputs/v113-lantingguo-melnorm-ecoproto-v1/v113_lantingguo_melnorm_diagnostics.csv,csv,,v113-lantingguo-melnorm-ecoproto-v1,False,False,False,False,linked_to_exp,
a0323,birdclef-2026/outputs/v114-v110-v113-selfblend-v1/bc26-v114-clean-selfblend.log,runtime_log,,v114-v110-v113-selfblend-v1,False,False,False,True,linked_to_exp,
a0324,birdclef-2026/outputs/v114-v110-v113-selfblend-v1/submission.csv,submission_or_test_prediction_csv,,v114-v110-v113-selfblend-v1,False,True,True,False,linked_to_exp,
a0325,birdclef-2026/outputs/v114-v110-v113-selfblend-v1/v113_lantingguo_melnorm_diagnostics.csv,csv,,v114-v110-v113-selfblend-v1,False,False,False,False,linked_to_exp,
a0326,birdclef-2026/outputs/v114-v110-v113-selfblend-v1/v114_branch_auc_diagnostics.csv,csv,,v114-v110-v113-selfblend-v1,False,False,False,False,linked_to_exp,
a0327,birdclef-2026/outputs/v114-v110-v113-selfblend-v1/v114_branch_summary.csv,csv,,v114-v110-v113-selfblend-v1,False,False,False,False,linked_to_exp,
a0328,birdclef-2026/outputs/v115-tsubasa-snowflake-sed-v1/bc26-v115-tsubasa-snowflake-sed.log,runtime_log,,v115-tsubasa-snowflake-sed-v1,False,False,False,True,linked_to_exp,
a0329,birdclef-2026/outputs/v116-tsubasa-convnext-sed-v1/bc26-v116-tsubasa-convnext-sed.log,runtime_log,,v116-tsubasa-convnext-sed-v1,False,False,False,True,linked_to_exp,
a0330,birdclef-2026/outputs/v116-tsubasa-convnext-sed-v1/submission.csv,submission_or_test_prediction_csv,,v116-tsubasa-convnext-sed-v1,False,True,True,False,linked_to_exp,
a0331,birdclef-2026/outputs/v116-tsubasa-convnext-sed-v1/v116_tsubasa_convnext_sed_remap_diagnostics.csv,csv,,v116-tsubasa-convnext-sed-v1,False,False,False,False,linked_to_exp,
a0332,birdclef-2026/outputs/v117-tsubasa-convnext-noremap-v1/bc26-v117-tsubasa-convnext-noremap.log,runtime_log,,v117-tsubasa-convnext-noremap-v1,False,False,False,True,linked_to_exp,
a0333,birdclef-2026/outputs/v117-tsubasa-convnext-noremap-v1/submission.csv,submission_or_test_prediction_csv,,v117-tsubasa-convnext-noremap-v1,False,True,True,False,linked_to_exp,
a0334,birdclef-2026/outputs/v117-tsubasa-convnext-noremap-v1/v117_tsubasa_convnext_noremap_diagnostics.csv,csv,,v117-tsubasa-convnext-noremap-v1,False,False,False,False,linked_to_exp,
a0335,birdclef-2026/outputs/v87-attributed-nina-eos5-v38plus/bc26-v87-attributed-nina-eos5-v38plus.log,runtime_log,birdclef-2026/notebooks/v87-attributed-nina-eos5-v38plus/birdclef-2026-eos-5.ipynb,v87-attributed-nina-eos5-v38plus,False,False,False,True,linked_to_exp,
a0336,birdclef-2026/outputs/v87-attributed-nina-eos5-v38plus/perch_cache/full_oof_meta_features.npz,oof_or_feature_cache_npz,birdclef-2026/notebooks/v87-attributed-nina-eos5-v38plus/birdclef-2026-eos-5.ipynb,v87-attributed-nina-eos5-v38plus,True,False,False,False,linked_to_exp,
a0337,birdclef-2026/outputs/v87-attributed-nina-eos5-v38plus/perch_cache/full_perch_arrays.npz,oof_or_feature_cache_npz,birdclef-2026/notebooks/v87-attributed-nina-eos5-v38plus/birdclef-2026-eos-5.ipynb,v87-attributed-nina-eos5-v38plus,True,False,False,False,linked_to_exp,
a0338,birdclef-2026/outputs/v87-attributed-nina-eos5-v38plus/perch_cache/full_perch_meta.parquet,oof_or_feature_cache_parquet,birdclef-2026/notebooks/v87-attributed-nina-eos5-v38plus/birdclef-2026-eos-5.ipynb,v87-attributed-nina-eos5-v38plus,True,False,False,False,linked_to_exp,
a0339,birdclef-2026/outputs/v87-attributed-nina-eos5-v38plus/subm_2.csv,submission_or_test_prediction_csv,birdclef-2026/notebooks/v87-attributed-nina-eos5-v38plus/birdclef-2026-eos-5.ipynb,v87-attributed-nina-eos5-v38plus,False,True,True,False,linked_to_exp,
a0340,birdclef-2026/outputs/v87-attributed-nina-eos5-v38plus/subm_5.csv,submission_or_test_prediction_csv,birdclef-2026/notebooks/v87-attributed-nina-eos5-v38plus/birdclef-2026-eos-5.ipynb,v87-attributed-nina-eos5-v38plus,False,True,True,False,linked_to_exp,
a0341,birdclef-2026/outputs/v87-attributed-nina-eos5-v38plus/subm_karnakbayev_power_optimization.csv,submission_or_test_prediction_csv,birdclef-2026/notebooks/v87-attributed-nina-eos5-v38plus/birdclef-2026-eos-5.ipynb,v87-attributed-nina-eos5-v38plus,False,True,True,False,linked_to_exp,
a0342,birdclef-2026/outputs/v87-attributed-nina-eos5-v38plus/submission.csv,submission_or_test_prediction_csv,birdclef-2026/notebooks/v87-attributed-nina-eos5-v38plus/birdclef-2026-eos-5.ipynb,v87-attributed-nina-eos5-v38plus,False,True,True,False,linked_to_exp,
a0343,birdclef-2026/outputs/v87-attributed-nina-eos5-v38plus/submission_protossm.csv,submission_or_test_prediction_csv,birdclef-2026/notebooks/v87-attributed-nina-eos5-v38plus/birdclef-2026-eos-5.ipynb,v87-attributed-nina-eos5-v38plus,False,True,True,False,linked_to_exp,
a0344,birdclef-2026/outputs/v87-attributed-nina-eos5-v38plus/submission_sed.csv,submission_or_test_prediction_csv,birdclef-2026/notebooks/v87-attributed-nina-eos5-v38plus/birdclef-2026-eos-5.ipynb,v87-attributed-nina-eos5-v38plus,False,True,True,False,linked_to_exp,
a0345,birdclef-2026/outputs/v87-attributed-nina-eos5-v38plus/v17_logs.json,runtime_or_lineage_json,birdclef-2026/notebooks/v87-attributed-nina-eos5-v38plus/birdclef-2026-eos-5.ipynb,v87-attributed-nina-eos5-v38plus,False,False,False,True,linked_to_exp,
a0346,birdclef-2026/outputs/v87-attributed-nina-eos5-v38plus-v2/bc26-v87-attributed-nina-eos5-v38plus.log,runtime_log,,v87-attributed-nina-eos5-v38plus-v2,False,False,False,True,linked_to_exp,
a0347,birdclef-2026/outputs/v87-attributed-nina-eos5-v38plus-v2/perch_cache/full_oof_meta_features.npz,oof_or_feature_cache_npz,,v87-attributed-nina-eos5-v38plus-v2,True,False,False,False,linked_to_exp,
a0348,birdclef-2026/outputs/v87-attributed-nina-eos5-v38plus-v2/perch_cache/full_perch_arrays.npz,oof_or_feature_cache_npz,,v87-attributed-nina-eos5-v38plus-v2,True,False,False,False,linked_to_exp,
a0349,birdclef-2026/outputs/v87-attributed-nina-eos5-v38plus-v2/perch_cache/full_perch_meta.parquet,oof_or_feature_cache_parquet,,v87-attributed-nina-eos5-v38plus-v2,True,False,False,False,linked_to_exp,
a0350,birdclef-2026/outputs/v87-attributed-nina-eos5-v38plus-v2/subm_2.csv,submission_or_test_prediction_csv,,v87-attributed-nina-eos5-v38plus-v2,False,True,True,False,linked_to_exp,
a0351,birdclef-2026/outputs/v87-attributed-nina-eos5-v38plus-v2/subm_5.csv,submission_or_test_prediction_csv,,v87-attributed-nina-eos5-v38plus-v2,False,True,True,False,linked_to_exp,
a0352,birdclef-2026/outputs/v87-attributed-nina-eos5-v38plus-v2/subm_karnakbayev_power_optimization.csv,submission_or_test_prediction_csv,,v87-attributed-nina-eos5-v38plus-v2,False,True,True,False,linked_to_exp,
a0353,birdclef-2026/outputs/v87-attributed-nina-eos5-v38plus-v2/submission.csv,submission_or_test_prediction_csv,,v87-attributed-nina-eos5-v38plus-v2,False,True,True,False,linked_to_exp,
a0354,birdclef-2026/outputs/v87-attributed-nina-eos5-v38plus-v2/submission_protossm.csv,submission_or_test_prediction_csv,,v87-attributed-nina-eos5-v38plus-v2,False,True,True,False,linked_to_exp,
a0355,birdclef-2026/outputs/v87-attributed-nina-eos5-v38plus-v2/submission_sed.csv,submission_or_test_prediction_csv,,v87-attributed-nina-eos5-v38plus-v2,False,True,True,False,linked_to_exp,
a0356,birdclef-2026/outputs/v87-attributed-nina-eos5-v38plus-v2/v17_logs.json,runtime_or_lineage_json,,v87-attributed-nina-eos5-v38plus-v2,False,False,False,True,linked_to_exp,
a0357,birdclef-2026/outputs/v88-attributed-zeyad-eos-parity-t3-v1/bc26-v88-attributed-zeyad-eos-parity-t3.log,runtime_log,,v88-attributed-zeyad-eos-parity-t3-v1,False,False,False,True,linked_to_exp,
a0358,birdclef-2026/outputs/v88-attributed-zeyad-eos-parity-t3-v1/cache/perch_arrays.npz,oof_or_feature_cache_npz,,v88-attributed-zeyad-eos-parity-t3-v1,True,False,False,False,linked_to_exp,
a0359,birdclef-2026/outputs/v88-attributed-zeyad-eos-parity-t3-v1/cache/perch_meta.parquet,oof_or_feature_cache_parquet,,v88-attributed-zeyad-eos-parity-t3-v1,True,False,False,False,linked_to_exp,
a0360,birdclef-2026/outputs/v88-attributed-zeyad-eos-parity-t3-v1/subm_50.csv,submission_or_test_prediction_csv,,v88-attributed-zeyad-eos-parity-t3-v1,False,True,True,False,linked_to_exp,
a0361,birdclef-2026/outputs/v88-attributed-zeyad-eos-parity-t3-v1/subm_51.csv,submission_or_test_prediction_csv,,v88-attributed-zeyad-eos-parity-t3-v1,False,True,True,False,linked_to_exp,
a0362,birdclef-2026/outputs/v88-attributed-zeyad-eos-parity-t3-v1/subm_52.csv,submission_or_test_prediction_csv,,v88-attributed-zeyad-eos-parity-t3-v1,False,True,True,False,linked_to_exp,
a0363,birdclef-2026/outputs/v88-attributed-zeyad-eos-parity-t3-v1/subm_53.csv,submission_or_test_prediction_csv,,v88-attributed-zeyad-eos-parity-t3-v1,False,True,True,False,linked_to_exp,
a0364,birdclef-2026/outputs/v88-attributed-zeyad-eos-parity-t3-v1/submission.csv,submission_or_test_prediction_csv,,v88-attributed-zeyad-eos-parity-t3-v1,False,True,True,False,linked_to_exp,
a0365,birdclef-2026/outputs/v88-attributed-zeyad-eos-parity-t3-v1/submission_birdnet.csv,submission_or_test_prediction_csv,,v88-attributed-zeyad-eos-parity-t3-v1,False,True,True,False,linked_to_exp,
a0366,birdclef-2026/outputs/v88-attributed-zeyad-eos-parity-t3-v1/submission_protossm.csv,submission_or_test_prediction_csv,,v88-attributed-zeyad-eos-parity-t3-v1,False,True,True,False,linked_to_exp,
a0367,birdclef-2026/outputs/v88-attributed-zeyad-eos-parity-t3-v1/submission_sed.csv,submission_or_test_prediction_csv,,v88-attributed-zeyad-eos-parity-t3-v1,False,True,True,False,linked_to_exp,
a0368,birdclef-2026/outputs/v89-attributed-alexycactus-perch-cnn-v1/bc26-v89-attributed-alexycactus-perch-cnn.log,runtime_log,,v89-attributed-alexycactus-perch-cnn-v1,False,False,False,True,linked_to_exp,
a0369,birdclef-2026/outputs/v89-attributed-alexycactus-perch-cnn-v1/diagnostics_nb21.json,runtime_or_lineage_json,,v89-attributed-alexycactus-perch-cnn-v1,False,False,False,True,linked_to_exp,
a0370,birdclef-2026/outputs/v89-attributed-alexycactus-perch-cnn-v1/diagnostics_staging_no_test.json,runtime_or_lineage_json,,v89-attributed-alexycactus-perch-cnn-v1,False,False,False,True,linked_to_exp,
a0371,birdclef-2026/outputs/v89-attributed-alexycactus-perch-cnn-v1/per_class_auc_nb21.csv,csv,,v89-attributed-alexycactus-perch-cnn-v1,False,False,False,False,linked_to_exp,
a0372,birdclef-2026/outputs/v89-attributed-alexycactus-perch-cnn-v1/submission.csv,submission_or_test_prediction_csv,,v89-attributed-alexycactus-perch-cnn-v1,False,True,True,False,linked_to_exp,
a0373,birdclef-2026/outputs/v89-attributed-alexycactus-perch-cnn-v1/submission_no_postproc.csv,submission_or_test_prediction_csv,,v89-attributed-alexycactus-perch-cnn-v1,False,True,True,False,linked_to_exp,
a0374,birdclef-2026/outputs/v90-attributed-youssef-e1-rare-tail-birdnet-v1/bc26-v90-attributed-youssef-e1-rare-tail-birdnet.log,runtime_log,,v90-attributed-youssef-e1-rare-tail-birdnet-v1,False,False,False,True,linked_to_exp,
a0375,birdclef-2026/outputs/v90-attributed-youssef-e1-rare-tail-birdnet-v1/cache/perch_arrays.npz,oof_or_feature_cache_npz,,v90-attributed-youssef-e1-rare-tail-birdnet-v1,True,False,False,False,linked_to_exp,
a0376,birdclef-2026/outputs/v90-attributed-youssef-e1-rare-tail-birdnet-v1/cache/perch_meta.parquet,oof_or_feature_cache_parquet,,v90-attributed-youssef-e1-rare-tail-birdnet-v1,True,False,False,False,linked_to_exp,
a0377,birdclef-2026/outputs/v90-attributed-youssef-e1-rare-tail-birdnet-v1/submission.csv,submission_or_test_prediction_csv,,v90-attributed-youssef-e1-rare-tail-birdnet-v1,False,True,True,False,linked_to_exp,
a0378,birdclef-2026/outputs/v90-attributed-youssef-e1-rare-tail-birdnet-v1/submission_birdnet.csv,submission_or_test_prediction_csv,,v90-attributed-youssef-e1-rare-tail-birdnet-v1,False,True,True,False,linked_to_exp,
a0379,birdclef-2026/outputs/v90-attributed-youssef-e1-rare-tail-birdnet-v1/submission_protossm.csv,submission_or_test_prediction_csv,,v90-attributed-youssef-e1-rare-tail-birdnet-v1,False,True,True,False,linked_to_exp,
a0380,birdclef-2026/outputs/v90-attributed-youssef-e1-rare-tail-birdnet-v1/submission_sed.csv,submission_or_test_prediction_csv,,v90-attributed-youssef-e1-rare-tail-birdnet-v1,False,True,True,False,linked_to_exp,
a0381,birdclef-2026/outputs/v91-attributed-youssef-e1-rare-tail-nobirdnet-v1/bc26-v91-attributed-youssef-e1-rare-tail-nobirdnet.log,runtime_log,,v91-attributed-youssef-e1-rare-tail-nobirdnet-v1,False,False,False,True,linked_to_exp,
a0382,birdclef-2026/outputs/v91-attributed-youssef-e1-rare-tail-nobirdnet-v1/cache/perch_arrays.npz,oof_or_feature_cache_npz,,v91-attributed-youssef-e1-rare-tail-nobirdnet-v1,True,False,False,False,linked_to_exp,
a0383,birdclef-2026/outputs/v91-attributed-youssef-e1-rare-tail-nobirdnet-v1/cache/perch_meta.parquet,oof_or_feature_cache_parquet,,v91-attributed-youssef-e1-rare-tail-nobirdnet-v1,True,False,False,False,linked_to_exp,
a0384,birdclef-2026/outputs/v91-attributed-youssef-e1-rare-tail-nobirdnet-v1/submission.csv,submission_or_test_prediction_csv,,v91-attributed-youssef-e1-rare-tail-nobirdnet-v1,False,True,True,False,linked_to_exp,
a0385,birdclef-2026/outputs/v91-attributed-youssef-e1-rare-tail-nobirdnet-v1/submission_birdnet.csv,submission_or_test_prediction_csv,,v91-attributed-youssef-e1-rare-tail-nobirdnet-v1,False,True,True,False,linked_to_exp,
a0386,birdclef-2026/outputs/v91-attributed-youssef-e1-rare-tail-nobirdnet-v1/submission_protossm.csv,submission_or_test_prediction_csv,,v91-attributed-youssef-e1-rare-tail-nobirdnet-v1,False,True,True,False,linked_to_exp,
a0387,birdclef-2026/outputs/v91-attributed-youssef-e1-rare-tail-nobirdnet-v1/submission_sed.csv,submission_or_test_prediction_csv,,v91-attributed-youssef-e1-rare-tail-nobirdnet-v1,False,True,True,False,linked_to_exp,
a0388,birdclef-2026/outputs/v92-attributed-mtoshi-vis-nobirdnet-v1/bc26-v92-attributed-mtoshi-vis-nobirdnet.log,runtime_log,,v92-attributed-mtoshi-vis-nobirdnet-v1,False,False,False,True,linked_to_exp,
a0389,birdclef-2026/outputs/v92-attributed-mtoshi-vis-nobirdnet-v2/bc26-v92-attributed-mtoshi-vis-nobirdnet.log,runtime_log,,v92-attributed-mtoshi-vis-nobirdnet-v2,False,False,False,True,linked_to_exp,
a0390,birdclef-2026/outputs/v92-attributed-mtoshi-vis-nobirdnet-v2/cache/perch_arrays.npz,oof_or_feature_cache_npz,,v92-attributed-mtoshi-vis-nobirdnet-v2,True,False,False,False,linked_to_exp,
a0391,birdclef-2026/outputs/v92-attributed-mtoshi-vis-nobirdnet-v2/cache/perch_meta.parquet,oof_or_feature_cache_parquet,,v92-attributed-mtoshi-vis-nobirdnet-v2,True,False,False,False,linked_to_exp,
a0392,birdclef-2026/outputs/v92-attributed-mtoshi-vis-nobirdnet-v2/submission.csv,submission_or_test_prediction_csv,,v92-attributed-mtoshi-vis-nobirdnet-v2,False,True,True,False,linked_to_exp,
a0393,birdclef-2026/outputs/v92-attributed-mtoshi-vis-nobirdnet-v2/submission_birdnet.csv,submission_or_test_prediction_csv,,v92-attributed-mtoshi-vis-nobirdnet-v2,False,True,True,False,linked_to_exp,
a0394,birdclef-2026/outputs/v92-attributed-mtoshi-vis-nobirdnet-v2/submission_protossm.csv,submission_or_test_prediction_csv,,v92-attributed-mtoshi-vis-nobirdnet-v2,False,True,True,False,linked_to_exp,
a0395,birdclef-2026/outputs/v92-attributed-mtoshi-vis-nobirdnet-v2/submission_sed.csv,submission_or_test_prediction_csv,,v92-attributed-mtoshi-vis-nobirdnet-v2,False,True,True,False,linked_to_exp,
a0396,birdclef-2026/outputs/v93-attributed-adkasd-strong-nobirdnet-v1/bc26-v93-attributed-adkasd-strong-nobirdnet.log,runtime_log,,v93-attributed-adkasd-strong-nobirdnet-v1,False,False,False,True,linked_to_exp,
a0397,birdclef-2026/outputs/v93-attributed-adkasd-strong-nobirdnet-v1/subm_karnakbayev_power_optimization.csv,submission_or_test_prediction_csv,,v93-attributed-adkasd-strong-nobirdnet-v1,False,True,True,False,linked_to_exp,
a0398,birdclef-2026/outputs/v93-attributed-adkasd-strong-nobirdnet-v1/submission.csv,submission_or_test_prediction_csv,,v93-attributed-adkasd-strong-nobirdnet-v1,False,True,True,False,linked_to_exp,
a0399,birdclef-2026/outputs/v93-attributed-adkasd-strong-nobirdnet-v1/submission_protossm.csv,submission_or_test_prediction_csv,,v93-attributed-adkasd-strong-nobirdnet-v1,False,True,True,False,linked_to_exp,
a0400,birdclef-2026/outputs/v93-attributed-adkasd-strong-nobirdnet-v1/submission_sed.csv,submission_or_test_prediction_csv,,v93-attributed-adkasd-strong-nobirdnet-v1,False,True,True,False,linked_to_exp,
a0401,birdclef-2026/outputs/v94-attributed-karnak-advance-ensemble-v1/bc26-v94-attributed-karnak-advance-ensemble.log,runtime_log,,v94-attributed-karnak-advance-ensemble-v1,False,False,False,True,linked_to_exp,
a0402,birdclef-2026/outputs/v94-attributed-karnak-advance-ensemble-v1/subm_2.csv,submission_or_test_prediction_csv,,v94-attributed-karnak-advance-ensemble-v1,False,True,True,False,linked_to_exp,
a0403,birdclef-2026/outputs/v94-attributed-karnak-advance-ensemble-v1/subm_5.csv,submission_or_test_prediction_csv,,v94-attributed-karnak-advance-ensemble-v1,False,True,True,False,linked_to_exp,
a0404,birdclef-2026/outputs/v94-attributed-karnak-advance-ensemble-v1/submission.csv,submission_or_test_prediction_csv,,v94-attributed-karnak-advance-ensemble-v1,False,True,True,False,linked_to_exp,
a0405,birdclef-2026/outputs/v94-attributed-karnak-advance-ensemble-v1/submission_protossm.csv,submission_or_test_prediction_csv,,v94-attributed-karnak-advance-ensemble-v1,False,True,True,False,linked_to_exp,
a0406,birdclef-2026/outputs/v94-attributed-karnak-advance-ensemble-v1/submission_sed.csv,submission_or_test_prediction_csv,,v94-attributed-karnak-advance-ensemble-v1,False,True,True,False,linked_to_exp,
a0407,birdclef-2026/outputs/v94-attributed-karnak-advance-ensemble-v1/v17_logs.json,runtime_or_lineage_json,,v94-attributed-karnak-advance-ensemble-v1,False,False,False,True,linked_to_exp,
a0408,birdclef-2026/scripts/birdclef_0805_runner.py,script,,,False,False,False,False,project_level,
a0409,birdclef-2026/scripts/birdclef_build_v102_original_rescue_table.py,script,,,False,False,False,False,project_level,
a0410,birdclef-2026/scripts/birdclef_candidate_audit.py,script,,,False,False,False,False,project_level,
a0411,birdclef-2026/scripts/birdclef_goal_check.py,script,,,False,False,False,False,project_level,
a0412,birdclef-2026/scripts/birdclef_guarded_submit.py,script,,,False,False,False,False,project_level,
a0413,birdclef-2026/scripts/birdclef_monitor.py,script,,,False,False,False,False,project_level,
a0414,birdclef-2026/scripts/birdclef_prepare_adkasd_strong_nobirdnet.py,script,,,False,False,False,False,project_level,
a0415,birdclef-2026/scripts/birdclef_prepare_alexy_cnn_cpu.py,script,,,False,False,False,False,project_level,
a0416,birdclef-2026/scripts/birdclef_prepare_eos_t3.py,script,,,False,False,False,False,project_level,
a0417,birdclef-2026/scripts/birdclef_prepare_karnak_advance.py,script,,,False,False,False,False,project_level,
a0418,birdclef-2026/scripts/birdclef_prepare_mtoshi_vis_nobirdnet.py,script,,,False,False,False,False,project_level,
a0419,birdclef-2026/scripts/birdclef_prepare_perch_cnn.py,script,,,False,False,False,False,project_level,
a0420,birdclef-2026/scripts/birdclef_prepare_v102_macro_rescue.py,script,,,False,False,False,False,project_level,
a0421,birdclef-2026/scripts/birdclef_prepare_v103_guarded_macro_rescue.py,script,,,False,False,False,False,project_level,
a0422,birdclef-2026/scripts/birdclef_prepare_v104_perch_only_guarded.py,script,,,False,False,False,False,project_level,
a0423,birdclef-2026/scripts/birdclef_prepare_v105_rankrestored_perch.py,script,,,False,False,False,False,project_level,
a0424,birdclef-2026/scripts/birdclef_prepare_v106_rankdominant_perch.py,script,,,False,False,False,False,project_level,
a0425,birdclef-2026/scripts/birdclef_prepare_v107_rankceiling_perch.py,script,,,False,False,False,False,project_level,
a0426,birdclef-2026/scripts/birdclef_prepare_v108_ecoproto_perch.py,script,,,False,False,False,False,project_level,
a0427,birdclef-2026/scripts/birdclef_prepare_v109_ecoproto_ranklaunch.py,script,,,False,False,False,False,project_level,
a0428,birdclef-2026/scripts/birdclef_prepare_v110_ecoproto_clean_blend.py,script,,,False,False,False,False,project_level,
a0429,birdclef-2026/scripts/birdclef_prepare_v111_clean_sed_ecoproto.py,script,,,False,False,False,False,project_level,
a0430,birdclef-2026/scripts/birdclef_prepare_v112_clean_sed_remap_ecoproto.py,script,,,False,False,False,False,project_level,
a0431,birdclef-2026/scripts/birdclef_prepare_v113_lantingguo_melnorm_ecoproto.py,script,,,False,False,False,False,project_level,
a0432,birdclef-2026/scripts/birdclef_prepare_v114_v110_v113_selfblend.py,script,,,False,False,False,False,project_level,
a0433,birdclef-2026/scripts/birdclef_prepare_v115_tsubasa_snowflake_sed.py,script,,,False,False,False,False,project_level,
a0434,birdclef-2026/scripts/birdclef_prepare_v116_tsubasa_convnext_sed.py,script,,,False,False,False,False,project_level,
a0435,birdclef-2026/scripts/birdclef_prepare_v117_tsubasa_convnext_noremap.py,script,,,False,False,False,False,project_level,
a0436,birdclef-2026/scripts/birdclef_prepare_youssef_e1.py,script,,,False,False,False,False,project_level,
a0437,birdclef-2026/scripts/birdclef_prepare_youssef_e1_nobirdnet.py,script,,,False,False,False,False,project_level,
a0438,birdclef-2026/scripts/birdclef_public_scan.py,script,,,False,False,False,False,project_level,
a0439,birdclef-2026/scripts/evaluate_dryrun_proxy.py,script,,,False,False,False,False,project_level,
a0440,birdclef-2026/scripts/submit_v76_guarded.py,script,,,False,False,False,False,project_level,
