primary_label,support,sed_auc_v110_like,sed_auc_v113_like,sed_auc_delta
1161364,0,0.5,0.5,0.0
116570,13,0.5962922,0.36425012,-0.23204207
1176823,0,0.5,0.5,0.0
1491113,79,0.6959711,0.6563764,-0.03959465
1595929,0,0.5,0.5,0.0
209233,0,0.5,0.5,0.0
22930,0,0.5,0.5,0.0
22956,0,0.5,0.5,0.0
22961,36,0.72147816,0.5920552,-0.12942296
22967,155,0.8507029,0.6177332,-0.2329697
22973,212,0.9033019,0.6339109,-0.269391
22983,0,0.5,0.5,0.0
22985,0,0.5,0.5,0.0
23150,0,0.5,0.5,0.0
23154,0,0.5,0.5,0.0
23158,175,0.92650765,0.78346825,-0.1430394
23176,0,0.5,0.5,0.0
23724,0,0.5,0.5,0.0
24279,173,0.95717144,0.759678,-0.19749343
24285,0,0.5,0.5,0.0
24287,0,0.5,0.5,0.0
24321,172,0.6358469,0.79651165,0.16066474
244024,0,0.5,0.5,0.0
25073,12,0.80172414,0.49796456,-0.30375957
25092,24,0.55586016,0.7453095,0.18944931
25214,0,0.5,0.5,0.0
326272,23,0.79200256,0.33500475,-0.4569978
41970,0,0.5,0.5,0.0
43435,12,1.0,0.54501915,-0.45498085
47144,15,0.92140454,0.7848966,-0.13650793
47158son01,23,0.714789,0.13043478,-0.58435416
47158son02,7,0.5,0.47951907,-0.02048093
47158son03,33,0.74565655,0.29063973,-0.45501682
47158son04,17,0.7860305,0.19758236,-0.5884481
47158son05,3,0.6957447,0.35791963,-0.33782506
47158son06,18,0.5,0.4468599,-0.053140104
47158son07,48,0.5204545,0.3567235,-0.16373104
47158son08,17,0.69868904,0.34323657,-0.35545248
47158son09,6,0.2948718,0.20916429,-0.085707515
47158son10,33,0.553064,0.18235691,-0.3707071
47158son11,36,0.42857143,0.30795303,-0.1206184
47158son12,5,0.5,0.22702703,-0.27297297
47158son13,36,0.8125,0.25442296,-0.55807704
47158son14,12,0.5,0.6388889,0.1388889
47158son15,12,0.9137931,0.6570881,-0.256705
47158son16,12,0.9137931,0.55914754,-0.35464555
47158son17,43,0.6328204,0.40611994,-0.22670048
47158son18,12,0.9051724,0.51784,-0.38733238
47158son19,5,0.8601707,0.39061168,-0.46955904
47158son20,12,0.9051724,0.4107998,-0.4943726
47158son21,22,0.8061224,0.16591571,-0.6402067
47158son22,24,0.80701756,0.19499269,-0.6120249
47158son23,24,0.80701756,0.18518518,-0.6218324
47158son24,24,0.8114035,0.33516082,-0.4762427
47158son25,84,0.5082418,0.36109203,-0.14714974
476521,0,0.5,0.5,0.0
516975,0,0.5,0.5,0.0
517063,307,0.6666883,0.7008537,0.034165382
555123,0,0.5,0.5,0.0
555145,0,0.5,0.5,0.0
555146,203,0.96200556,0.87107253,-0.090933025
64898,0,0.5,0.5,0.0
65377,9,0.95930696,0.46049914,-0.49880782
65380,333,0.9691451,0.8033233,-0.16582179
66971,149,0.95498914,0.8383139,-0.11667526
67107,9,0.8092513,0.38896838,-0.42028293
67252,2,1.0,0.8930595,-0.10694051
70711,0,0.5,0.5,0.0
738183,0,0.5,0.5,0.0
74113,2,0.9121813,0.4398017,-0.47237962
74580,0,0.5,0.5,0.0
760266,0,0.5,0.5,0.0
ashgre1,0,0.5,0.5,0.0
astcra1,0,0.5,0.5,0.0
bafcur1,9,0.9790176,0.18041646,-0.79860115
baffal1,0,0.5,0.5,0.0
banana,0,0.5,0.5,0.0
barant1,0,0.5,0.5,0.0
batbel1,0,0.5,0.5,0.0
baymac,0,0.5,0.5,0.0
bbwduc,0,0.5,0.5,0.0
bcwfin2,0,0.5,0.5,0.0
bkcdon,0,0.5,0.5,0.0
bkhpar,0,0.5,0.5,0.0
blchaw1,0,0.5,0.5,0.0
blheag1,0,0.5,0.5,0.0
blttit1,0,0.5,0.5,0.0
bncfly,0,0.5,0.5,0.0
bobfly1,0,0.5,0.5,0.0
brcmar1,0,0.5,0.5,0.0
brnowl,0,0.5,0.5,0.0
bucmot4,0,0.5,0.5,0.0
bucpar,0,0.5,0.5,0.0
bufpar,14,0.9990737,0.55485797,-0.44421571
bunibi1,2,0.7308782,0.9121813,0.18130314
burowl,0,0.5,0.5,0.0
camfli1,0,0.5,0.5,0.0
chacha1,63,0.95110124,0.43339485,-0.5177064
chbmoc1,0,0.5,0.5,0.0
chobla1,0,0.5,0.5,0.0
chvcon1,35,0.9992783,0.32218212,-0.6770962
cibspi1,0,0.5,0.5,0.0
coffal1,0,0.5,0.5,0.0
compau,37,0.9543642,0.6012003,-0.3531639
compot1,3,0.9801418,0.59479904,-0.38534278
crbthr1,0,0.5,0.5,0.0
crebec1,0,0.5,0.5,0.0
dwatin1,0,0.5,0.5,0.0
epaori4,0,0.5,0.5,0.0
eulfly1,0,0.5,0.5,0.0
fabwre1,0,0.5,0.5,0.0
fepowl,0,0.5,0.5,0.0
ficman1,0,0.5,0.5,0.0
flawar1,0,0.5,0.5,0.0
fotfly,0,0.5,0.5,0.0
fusfly1,3,0.9990544,0.35413712,-0.64491725
gilhum1,0,0.5,0.5,0.0
giwrai1,0,0.5,0.5,0.0
glteme1,0,0.5,0.5,0.0
grasal3,0,0.5,0.5,0.0
greani1,0,0.5,0.5,0.0
greant1,0,0.5,0.5,0.0
greela,0,0.5,0.5,0.0
grekis,0,0.5,0.5,0.0
grepot1,0,0.5,0.5,0.0
gretho2,0,0.5,0.5,0.0
greyel,0,0.5,0.5,0.0
grfdov1,0,0.5,0.5,0.0
grhtan1,0,0.5,0.5,0.0
gycwor1,0,0.5,0.5,0.0
horscr1,0,0.5,0.5,0.0
houspa,0,0.5,0.5,0.0
hyamac1,10,0.9982808,0.65787965,-0.34040117
larela1,0,0.5,0.5,0.0
lesela1,0,0.5,0.5,0.0
lesgrf1,0,0.5,0.5,0.0
limpki,3,0.941844,0.46524823,-0.47659576
linwoo1,0,0.5,0.5,0.0
litcuc2,0,0.5,0.5,0.0
litnig1,37,0.9137632,0.5298264,-0.38393682
mabpar,0,0.5,0.5,0.0
magant1,5,0.8679943,0.45917496,-0.40881935
magtan2,0,0.5,0.5,0.0
masgna1,0,0.5,0.5,0.0
nacnig1,11,0.817921,0.55719316,-0.26072782
ocecra1,0,0.5,0.5,0.0
oliwoo1,0,0.5,0.5,0.0
orbtro3,0,0.5,0.5,0.0
orwpar,13,0.96535695,0.38782513,-0.5775318
osprey,0,0.5,0.5,0.0
pabspi1,0,0.5,0.5,0.0
palhor3,0,0.5,0.5,0.0
paltan1,0,0.5,0.5,0.0
phecuc1,0,0.5,0.5,0.0
picpig2,0,0.5,0.5,0.0
pirfly1,0,0.5,0.5,0.0
plasla1,0,0.5,0.5,0.0
platyr1,0,0.5,0.5,0.0
plcjay1,0,0.5,0.5,0.0
pluibi1,0,0.5,0.5,0.0
purjay1,5,0.8273115,0.48904693,-0.33826458
pvttyr1,0,0.5,0.5,0.0
ragmac1,0,0.5,0.5,0.0
rebscy1,0,0.5,0.5,0.0
recfin1,0,0.5,0.5,0.0
redjun,12,0.5119732,0.6934866,0.18151337
relser1,0,0.5,0.5,0.0
rinkin1,0,0.5,0.5,0.0
rivwar1,0,0.5,0.5,0.0
roahaw,0,0.5,0.5,0.0
rubthr1,0,0.5,0.5,0.0
rufcac2,0,0.5,0.5,0.0
rufcas2,0,0.5,0.5,0.0
rufgna3,0,0.5,0.5,0.0
rufhor2,4,0.90553975,0.21768466,-0.6878551
rufnig1,0,0.5,0.5,0.0
ruftho1,0,0.5,0.5,0.0
ruftof1,0,0.5,0.5,0.0
rumfly1,0,0.5,0.5,0.0
ruther1,1,1.0,0.36633664,-0.63366336
rutjac1,1,0.9519095,0.73125887,-0.22065061
sabspa1,0,0.5,0.5,0.0
saffin,0,0.5,0.5,0.0
saytan1,0,0.5,0.5,0.0
scadov1,0,0.5,0.5,0.0
schpar1,0,0.5,0.5,0.0
scther1,0,0.5,0.5,0.0
shcfly1,0,0.5,0.5,0.0
shshaw,0,0.5,0.5,0.0
shtnig1,0,0.5,0.5,0.0
sibtan2,1,1.0,0.40876946,-0.5912305
smbani,0,0.5,0.5,0.0
smbtin1,0,0.5,0.5,0.0
sobcac1,0,0.5,0.5,0.0
sobtyr1,0,0.5,0.5,0.0
socfly1,0,0.5,0.5,0.0
sofspi1,0,0.5,0.5,0.0
souant1,0,0.5,0.5,0.0
soulap1,0,0.5,0.5,0.0
souscr1,0,0.5,0.5,0.0
spbant3,0,0.5,0.5,0.0
spispi1,0,0.5,0.5,0.0
sptnig1,0,0.5,0.5,0.0
squcuc1,0,0.5,0.5,0.0
stbwoo2,0,0.5,0.5,0.0
strcuc1,0,0.5,0.5,0.0
strher2,2,0.47308782,0.5913598,0.11827198
strowl1,0,0.5,0.5,0.0
swthum1,0,0.5,0.5,0.0
swtman1,0,0.5,0.5,0.0
tattin1,0,0.5,0.5,0.0
thlwre1,0,0.5,0.5,0.0
toctou1,0,0.5,0.5,0.0
trokin,0,0.5,0.5,0.0
trsowl,26,0.6391834,0.66907287,0.029889464
undtin1,43,0.8498339,0.45179227,-0.39804164
varant1,0,0.5,0.5,0.0
watjac1,0,0.5,0.5,0.0
wesfie1,0,0.5,0.5,0.0
wfwduc1,1,1.0,0.4115983,-0.5884017
whbant2,0,0.5,0.5,0.0
whbwar2,0,0.5,0.5,0.0
whiwoo1,0,0.5,0.5,0.0
whlspi1,0,0.5,0.5,0.0
whnjay1,0,0.5,0.5,0.0
whtdov,63,0.97561216,0.32567984,-0.6499323
whwpic1,0,0.5,0.5,0.0
y00678,0,0.5,0.5,0.0
yebcar,0,0.5,0.5,0.0
yebela1,0,0.5,0.5,0.0
yecmac,0,0.5,0.5,0.0
yecpar,0,0.5,0.5,0.0
yehcar1,0,0.5,0.5,0.0
yeofly1,0,0.5,0.5,0.0
